,rat,day,trial_type,perf_change
0,BP06,7,1,0.44999999999999996
1,BP06,8,1,0.050000000000000044
2,BP06,9,1,-0.06666666666666665
3,BP06,10,1,0.06666666666666665
4,BP06,11,1,-0.09090909090909094
5,BP06,12,1,0.09090909090909094
6,BP06,13,1,-0.0714285714285714
7,BP06,14,1,0.0714285714285714
8,BP06,15,1,0.0
9,BP06,16,1,0.0
10,BP06,17,1,-0.07692307692307687
11,BP06,18,1,0.07692307692307687
12,BP06,19,1,-0.06666666666666665
13,BP06,20,1,0.06666666666666665
14,BP06,21,1,0.0
15,BP06,22,1,0.0
16,BP06,7,2,0.25
17,BP06,8,2,0.17307692307692313
18,BP06,9,2,-0.14529914529914534
19,BP06,10,2,0.0793650793650793
20,BP06,11,2,0.1428571428571429
21,BP06,12,2,-0.16666666666666663
22,BP06,13,2,0.10784313725490191
23,BP06,14,2,-0.15856777493606133
24,BP06,15,2,0.08405797101449275
25,BP06,16,2,0.04999999999999993
26,BP06,17,2,-0.1271929824561403
27,BP06,18,2,0.14385964912280702
28,BP06,19,2,-0.12083333333333335
29,BP06,20,2,-0.012499999999999956
30,BP06,21,2,0.033333333333333326
31,BP06,22,2,0.08974358974358976
32,BP06,9,3,0.09090909090909094
33,BP06,10,3,0.2090909090909091
34,BP06,11,3,0.19999999999999996
35,BP06,12,3,-0.2857142857142857
36,BP06,13,3,-0.09523809523809523
37,BP06,14,3,0.19913419913419916
38,BP06,15,3,-0.3636363636363637
39,BP06,16,3,-0.0735930735930736
40,BP06,17,3,0.36904761904761907
41,BP06,18,3,0.09210526315789469
42,BP06,19,3,0.1578947368421053
43,BP06,20,3,-0.25
44,BP06,21,3,0.08333333333333337
45,BP06,22,3,0.08974358974358976
46,BP06,11,4,0.20588235294117652
47,BP06,12,4,0.09411764705882353
48,BP06,13,4,-0.19130434782608696
49,BP06,14,4,0.25494071146245056
50,BP06,15,4,-0.030303030303030276
51,BP06,16,4,-0.0641025641025641
52,BP06,17,4,0.03076923076923077
53,BP06,18,4,-0.022222222222222254
54,BP06,19,4,-0.07189542483660127
55,BP06,20,4,0.12745098039215685
56,BP06,21,4,0.023809523809523725
57,BP06,22,4,-0.1071428571428571
58,BP06,15,5,-0.125
59,BP06,16,5,0.125
60,BP06,17,5,0.13157894736842102
61,BP06,18,5,0.19195046439628483
62,BP06,19,5,-0.07352941176470584
63,BP06,20,5,-0.05769230769230771
64,BP06,21,5,0.1648351648351648
65,BP06,22,5,-0.0714285714285714
66,BP07,1,1,0.33333333333333337
67,BP07,2,1,0.09523809523809523
68,BP07,3,1,0.0714285714285714
69,BP07,4,1,0.0
70,BP07,5,1,-0.04347826086956519
71,BP07,6,1,0.04347826086956519
72,BP07,7,1,-0.033333333333333326
73,BP07,8,1,-0.2238095238095238
74,BP07,9,1,0.08571428571428574
75,BP07,10,1,0.11260504201680666
76,BP07,11,1,0.05882352941176472
77,BP07,12,1,-0.06666666666666665
78,BP07,13,1,0.06666666666666665
79,BP07,14,1,-0.29032258064516125
80,BP07,15,1,0.29032258064516125
81,BP07,16,1,0.0
82,BP07,17,1,0.0
83,BP07,18,1,0.0
84,BP07,19,1,0.0
85,BP07,20,1,0.0
86,BP07,21,1,-0.06666666666666665
87,BP07,22,1,0.06666666666666665
88,BP07,23,1,0.0
89,BP07,24,1,0.0
90,BP07,25,1,-0.05555555555555558
91,BP07,26,1,0.05555555555555558
92,BP07,27,1,0.0
93,BP07,28,1,0.0
94,BP07,1,2,0.0
95,BP07,2,2,0.1470588235294118
96,BP07,3,2,0.12217194570135748
97,BP07,4,2,0.19951923076923073
98,BP07,5,2,-0.012228260869565188
99,BP07,6,2,-0.2157809983896941
100,BP07,7,2,0.022417153996101447
101,BP07,8,2,-0.005582137161084577
102,BP07,9,2,0.0032938076416337836
103,BP07,10,2,0.09627329192546574
104,BP07,11,2,-0.0071428571428571175
105,BP07,12,2,-0.03918918918918912
106,BP07,13,2,0.07380457380457373
107,BP07,14,2,0.02842809364548493
108,BP07,15,2,-0.03804347826086951
109,BP07,16,2,-0.06854838709677424
110,BP07,17,2,0.07354838709677425
111,BP07,18,2,0.12
112,BP07,19,2,0.0
113,BP07,20,2,0.0
114,BP07,21,2,0.0
115,BP07,22,2,-0.05882352941176472
116,BP07,23,2,0.05882352941176472
117,BP07,24,2,0.0
118,BP07,25,2,0.0
119,BP07,26,2,0.0
120,BP07,27,2,0.0
121,BP07,28,2,0.0
122,BP07,5,3,0.16666666666666663
123,BP07,6,3,0.02564102564102566
124,BP07,7,3,0.11850311850311857
125,BP07,8,3,-0.08353808353808356
126,BP07,9,3,0.19580419580419584
127,BP07,10,3,-0.06593406593406603
128,BP07,11,3,0.11654135338345872
129,BP07,12,3,-0.04775828460038989
130,BP07,13,3,0.03240740740740744
131,BP07,14,3,-0.0018115942028985588
132,BP07,15,3,-0.17874396135265702
133,BP07,16,3,0.04365079365079361
134,BP07,17,3,0.1331168831168832
135,BP07,18,3,-0.05980861244019142
136,BP07,19,3,-0.1578947368421053
137,BP07,20,3,0.1455108359133127
138,BP07,21,3,0.11764705882352944
139,BP07,22,3,-0.0625
140,BP07,23,3,-0.0625
141,BP07,24,3,0.007352941176470562
142,BP07,25,3,-0.10457516339869277
143,BP07,26,3,0.2222222222222222
144,BP07,27,3,-0.0625
145,BP07,28,3,0.0625
146,BP07,12,4,0.24285714285714288
147,BP07,13,4,-0.03317972350230414
148,BP07,14,4,0.24684431977559607
149,BP07,15,4,-0.03652173913043477
150,BP07,16,4,-0.09857142857142864
151,BP07,17,4,0.1331168831168832
152,BP07,18,4,0.045454545454545414
153,BP07,19,4,-0.05555555555555558
154,BP07,20,4,0.05555555555555558
155,BP07,21,4,-0.06666666666666665
156,BP07,22,4,-0.050980392156862786
157,BP07,23,4,0.0267379679144385
158,BP07,24,4,-0.02020202020202022
159,BP07,25,4,-0.09941520467836251
160,BP07,26,4,0.21052631578947367
161,BP07,27,4,0.0
162,BP07,28,4,-0.25
163,BP07,15,5,0.3928571428571429
164,BP07,16,5,0.0357142857142857
165,BP07,17,5,-0.039682539682539764
166,BP07,18,5,0.04444444444444451
167,BP07,19,5,0.06666666666666665
168,BP07,20,5,0.0
169,BP07,21,5,0.0
170,BP07,22,5,-0.1578947368421053
171,BP07,23,5,0.1578947368421053
172,BP07,24,5,0.0
173,BP07,25,5,0.0
174,BP07,26,5,0.0
175,BP07,27,5,0.0
176,BP07,28,5,-0.5
177,BP08,1,1,0.0714285714285714
178,BP08,2,1,0.2443609022556391
179,BP08,3,1,-0.021671826625387025
180,BP08,4,1,0.15182829888712246
181,BP08,5,1,0.05405405405405406
182,BP08,6,1,0.0
183,BP08,7,1,-0.11111111111111116
184,BP08,8,1,0.0
185,BP08,9,1,0.11111111111111116
186,BP08,10,1,0.0
187,BP08,11,1,0.0
188,BP08,12,1,-0.03703703703703709
189,BP08,13,1,0.010010010010010117
190,BP08,14,1,-0.004222972972973027
191,BP08,15,1,0.03125
192,BP08,16,1,0.0
193,BP08,17,1,0.0
194,BP08,18,1,0.0
195,BP08,19,1,-0.045454545454545414
196,BP08,20,1,-0.06565656565656575
197,BP08,21,1,0.06763285024154597
198,BP08,22,1,0.04347826086956519
199,BP08,23,1,0.0
200,BP08,24,1,0.0
201,BP08,25,1,0.0
202,BP08,26,1,0.0
203,BP08,27,1,0.0
204,BP08,28,1,-0.06451612903225812
205,BP08,29,1,0.06451612903225812
206,BP08,30,1,0.0
207,BP08,31,1,0.0
208,BP08,32,1,0.0
209,BP08,33,1,-0.09999999999999998
210,BP08,34,1,0.09999999999999998
211,BP08,35,1,0.0
212,BP08,36,1,0.0
213,BP08,37,1,0.0
214,BP08,39,1,0.0
215,BP08,40,1,-0.16666666666666663
216,BP08,41,1,0.10416666666666663
217,BP08,42,1,0.024038461538461564
218,BP08,44,1,-0.0305039787798409
219,BP08,45,1,0.0289655172413793
220,BP08,46,1,0.040000000000000036
221,BP08,47,1,-0.1707317073170732
222,BP08,48,1,0.1707317073170732
223,BP08,49,1,0.0
224,BP08,50,1,0.0
225,BP08,1,2,-0.038461538461538436
226,BP08,2,2,0.12027972027972023
227,BP08,3,2,0.18741258741258748
228,BP08,4,2,0.03927986906710301
229,BP08,5,2,0.03148936170212768
230,BP08,6,2,-0.03354838709677421
231,BP08,7,2,0.02211981566820287
232,BP08,8,2,-0.0336996336996338
233,BP08,9,2,0.20512820512820518
234,BP08,10,2,-0.27586206896551724
235,BP08,11,2,0.0472906403940887
236,BP08,12,2,-0.08392857142857146
237,BP08,13,2,0.07440476190476186
238,BP08,14,2,0.03296703296703296
239,BP08,15,2,0.08391608391608396
240,BP08,16,2,0.0867293625914316
241,BP08,17,2,-0.07266009852216748
242,BP08,18,2,0.027142857142857135
243,BP08,19,2,-0.10181818181818181
244,BP08,20,2,0.04388714733542309
245,BP08,21,2,-0.03598200899550219
246,BP08,22,2,-0.14037267080745341
247,BP08,23,2,0.08847926267281103
248,BP08,24,2,0.0035842293906810374
249,BP08,25,2,-0.005050505050505083
250,BP08,26,2,0.15319865319865322
251,BP08,27,2,-0.14814814814814814
252,BP08,28,2,0.15555555555555556
253,BP08,29,2,-0.11190476190476195
254,BP08,30,2,0.1785714285714286
255,BP08,31,2,-0.375
256,BP08,32,2,0.0
257,BP08,33,2,0.06730769230769229
258,BP08,34,2,0.22073578595317722
259,BP08,35,2,-0.08951406649616367
260,BP08,36,2,0.13480392156862753
261,BP08,37,2,-0.11622807017543868
262,BP08,39,2,0.1578947368421053
263,BP08,40,2,-0.25
264,BP08,41,2,-0.11363636363636365
265,BP08,42,2,0.24825174825174823
266,BP08,44,2,-0.10683760683760679
267,BP08,45,2,0.010101010101010055
268,BP08,46,2,0.0121212121212122
269,BP08,47,2,-0.19583333333333341
270,BP08,48,2,0.18995098039215685
271,BP08,49,2,0.12588235294117656
272,BP08,50,2,-0.0311111111111112
273,BP08,5,3,0.012195121951219523
274,BP08,6,3,0.2100271002710027
275,BP08,7,3,0.07777777777777783
276,BP08,8,3,-0.09268292682926838
277,BP08,9,3,-0.02989771833202204
278,BP08,10,3,0.04671857619577313
279,BP08,11,3,-0.19080459770114944
280,BP08,12,3,0.19393939393939397
281,BP08,13,3,0.04016913319238902
282,BP08,14,3,-0.06744186046511635
283,BP08,15,3,-0.02608695652173909
284,BP08,16,3,0.08924485125858128
285,BP08,17,3,-0.1842105263157895
286,BP08,18,3,0.17105263157894735
287,BP08,19,3,0.0357142857142857
288,BP08,20,3,-0.011520737327188946
289,BP08,21,3,-0.14086021505376345
290,BP08,22,3,0.04166666666666674
291,BP08,23,3,0.11810344827586206
292,BP08,24,3,-0.20977011494252873
293,BP08,25,3,0.07051282051282048
294,BP08,26,3,0.06043956043956045
295,BP08,27,3,-0.0580357142857143
296,BP08,28,3,0.018750000000000044
297,BP08,29,3,0.0014705882352941124
298,BP08,30,3,0.12352941176470589
299,BP08,31,3,-0.08571428571428574
300,BP08,32,3,-0.15873015873015872
301,BP08,33,3,-0.15555555555555556
302,BP08,34,3,0.29999999999999993
303,BP08,35,3,0.13333333333333341
304,BP08,36,3,-0.011904761904761973
305,BP08,37,3,-0.011904761904761862
306,BP08,39,3,0.042328042328042326
307,BP08,40,3,-0.08262108262108259
308,BP08,41,3,-0.20923076923076922
309,BP08,42,3,0.09714285714285709
310,BP08,44,3,-0.0662337662337662
311,BP08,45,3,0.13131313131313127
312,BP08,46,3,-0.011695906432748537
313,BP08,47,3,-0.03661327231121281
314,BP08,48,3,0.10733695652173914
315,BP08,49,3,0.17113095238095233
316,BP08,50,3,-0.09523809523809523
317,BP08,8,4,0.03703703703703709
318,BP08,9,4,0.17264038231780165
319,BP08,10,4,0.05698924731182797
320,BP08,11,4,0.0
321,BP08,12,4,0.12222222222222212
322,BP08,13,4,0.0030030030030030463
323,BP08,14,4,0.10810810810810811
324,BP08,15,4,0.0
325,BP08,16,4,0.0
326,BP08,17,4,0.0
327,BP08,18,4,0.0
328,BP08,19,4,0.0
329,BP08,20,4,-0.3513513513513513
330,BP08,21,4,0.25135135135135134
331,BP08,22,4,-0.17272727272727273
332,BP08,23,4,0.07272727272727275
333,BP08,24,4,0.19999999999999996
334,BP08,25,4,-0.19047619047619047
335,BP08,26,4,0.06926406926406925
336,BP08,27,4,-0.0037878787878787845
337,BP08,28,4,0.05603448275862066
338,BP08,29,4,-0.3427991886409736
339,BP08,30,4,-0.08823529411764708
340,BP08,31,4,0.3571428571428571
341,BP08,32,4,0.07142857142857151
342,BP08,33,4,-0.2362637362637363
343,BP08,36,4,0.12587412587412594
344,BP08,37,4,0.045454545454545414
345,BP08,39,4,-0.03754940711462451
346,BP08,40,4,0.07391304347826089
347,BP08,41,4,-0.33478260869565224
348,BP08,42,4,0.36070853462157815
349,BP08,44,4,-0.11342592592592593
350,BP08,45,4,-0.03125
351,BP08,46,4,-0.11458333333333337
352,BP08,47,4,0.14414414414414423
353,BP08,48,4,0.022522522522522515
354,BP08,49,4,0.16666666666666663
355,BP08,50,4,0.0
356,BP08,17,5,0.19696969696969702
357,BP08,18,5,0.13636363636363635
358,BP08,19,5,0.030303030303030276
359,BP08,20,5,-0.06951871657754016
360,BP08,21,5,0.15325077399380804
361,BP08,22,5,-0.024291497975708398
362,BP08,23,5,-0.043076923076923124
363,BP08,24,5,0.03304347826086951
364,BP08,25,5,-0.17391304347826086
365,BP08,26,5,0.15372670807453426
366,BP08,27,5,0.06168831168831168
367,BP08,28,5,-0.021212121212121238
368,BP08,29,5,-0.01666666666666672
369,BP08,30,5,-0.6666666666666666
370,BP08,31,5,0.375
371,BP08,32,5,0.29166666666666663
372,BP08,33,5,-0.07051282051282048
373,BP08,39,5,0.06293706293706292
374,BP08,40,5,-0.3535353535353535
375,BP08,41,5,0.2569444444444444
376,BP08,42,5,0.10750000000000004
377,BP08,44,5,-0.027142857142857135
378,BP08,45,5,0.1071428571428571
379,BP08,46,5,-0.0714285714285714
380,BP08,47,5,0.004761904761904745
381,BP08,48,5,-0.08958333333333335
382,BP08,49,5,0.10863095238095233
383,BP08,50,5,0.04761904761904767
384,BP09,1,1,0.472972972972973
385,BP09,2,1,0.008845208845208785
386,BP09,3,1,-0.004545454545454519
387,BP09,4,1,0.022727272727272707
388,BP09,5,1,0.0
389,BP09,6,1,0.0
390,BP09,7,1,0.0
391,BP09,8,1,-0.04166666666666663
392,BP09,9,1,0.04166666666666663
393,BP09,10,1,0.0
394,BP09,11,1,0.0
395,BP09,12,1,-0.0714285714285714
396,BP09,13,1,0.0714285714285714
397,BP09,14,1,0.0
398,BP09,15,1,0.0
399,BP09,16,1,-0.052631578947368474
400,BP09,17,1,0.052631578947368474
401,BP09,18,1,0.0
402,BP09,19,1,0.0
403,BP09,23,1,-0.2222222222222222
404,BP09,24,1,0.2222222222222222
405,BP09,25,1,-0.1428571428571429
406,BP09,26,1,0.1428571428571429
407,BP09,27,1,-0.2142857142857143
408,BP09,28,1,0.0892857142857143
409,BP09,29,1,0.125
410,BP09,30,1,-0.1333333333333333
411,BP09,31,1,0.1333333333333333
412,BP09,32,1,-0.07407407407407407
413,BP09,33,1,-0.059259259259259234
414,BP09,34,1,0.1333333333333333
415,BP09,35,1,0.0
416,BP09,36,1,-0.038461538461538436
417,BP09,37,1,0.038461538461538436
418,BP09,38,1,-0.09999999999999998
419,BP09,1,2,0.24
420,BP09,2,2,0.22296296296296292
421,BP09,3,2,-0.009474590869939625
422,BP09,4,2,0.046511627906976716
423,BP09,5,2,0.0
424,BP09,6,2,0.0
425,BP09,7,2,0.0
426,BP09,8,2,-0.045454545454545414
427,BP09,9,2,0.045454545454545414
428,BP09,10,2,0.0
429,BP09,11,2,-0.03703703703703709
430,BP09,12,2,-0.004629629629629539
431,BP09,13,2,-0.1435185185185186
432,BP09,14,2,0.18518518518518523
433,BP09,15,2,0.0
434,BP09,16,2,0.0
435,BP09,17,2,0.0
436,BP09,18,2,0.0
437,BP09,19,2,-0.09090909090909094
438,BP09,23,2,-0.3090909090909091
439,BP09,24,2,-0.22499999999999998
440,BP09,25,2,0.29166666666666663
441,BP09,26,2,0.0
442,BP09,27,2,0.19047619047619047
443,BP09,28,2,-0.044642857142857095
444,BP09,29,2,0.1875
445,BP09,30,2,-0.15384615384615385
446,BP09,31,2,0.09829059829059827
447,BP09,32,2,0.05555555555555558
448,BP09,33,2,-0.16129032258064513
449,BP09,34,2,0.10246679316888041
450,BP09,35,2,-0.08932461873638342
451,BP09,36,2,0.041005291005291045
452,BP09,37,2,0.1071428571428571
453,BP09,38,2,-0.11111111111111116
454,BP09,3,3,0.5
455,BP09,4,3,0.0
456,BP09,5,3,-0.03125
457,BP09,6,3,-0.21265243902439024
458,BP09,7,3,0.03460011344299485
459,BP09,8,3,-0.05736434108527133
460,BP09,9,3,-0.23333333333333328
461,BP09,10,3,0.1578947368421053
462,BP09,11,3,-0.03627311522048371
463,BP09,12,3,-0.0988943488943489
464,BP09,13,3,0.09491978609625673
465,BP09,14,3,0.15158371040723984
466,BP09,15,3,0.02488687782805421
467,BP09,16,3,-0.0691176470588235
468,BP09,17,3,0.06071428571428572
469,BP09,18,3,-0.010714285714285676
470,BP09,19,3,-0.07934782608695656
471,BP09,20,3,0.10434782608695659
472,BP09,21,3,0.0
473,BP09,22,3,0.19999999999999996
474,BP09,30,3,-0.368421052631579
475,BP09,31,3,0.1578947368421053
476,BP09,32,3,0.21052631578947367
477,BP09,33,3,-0.19999999999999996
478,BP09,34,3,0.06842105263157894
479,BP09,35,3,0.011578947368421022
480,BP09,36,3,-0.07999999999999996
481,BP09,37,3,0.0
482,BP09,38,3,0.0
483,BP09,5,4,0.045454545454545414
484,BP09,6,4,0.20454545454545459
485,BP09,7,4,-0.010869565217391353
486,BP09,8,4,-0.21413043478260863
487,BP09,9,4,-0.05833333333333335
488,BP09,10,4,0.1333333333333333
489,BP09,11,4,0.021621621621621623
490,BP09,12,4,-0.08673790069138909
491,BP09,13,4,0.10147991543340384
492,BP09,14,4,0.11363636363636365
493,BP09,15,4,-0.25
494,BP09,16,4,0.3717948717948718
495,BP09,17,4,-0.2765567765567766
496,BP09,18,4,-0.09523809523809523
497,BP09,19,4,0.03191489361702127
498,BP09,20,4,0.2049272116461366
499,BP09,21,4,-0.2822966507177033
500,BP09,22,4,0.11688311688311687
501,BP09,35,4,0.0
502,BP09,36,4,0.1853281853281854
503,BP09,37,4,0.08324324324324317
504,BP09,38,4,-0.07333333333333325
505,BP09,8,5,0.5
506,BP09,9,5,0.0
507,BP09,10,5,-0.040000000000000036
508,BP09,11,5,0.040000000000000036
509,BP09,12,5,0.0
510,BP09,13,5,0.0
511,BP09,14,5,0.0
512,BP09,15,5,0.0
513,BP09,16,5,0.0
514,BP09,17,5,0.0
515,BP09,18,5,0.0
516,BP09,19,5,0.0
517,BP10,1,1,0.313953488372093
518,BP10,2,1,0.16279069767441856
519,BP10,3,1,0.023255813953488413
520,BP10,4,1,-0.050000000000000044
521,BP10,5,1,0.014285714285714346
522,BP10,6,1,0.003456221198156695
523,BP10,7,1,-0.22580645161290325
524,BP10,8,1,0.1042183622828784
525,BP10,9,1,0.0
526,BP10,10,1,0.08241758241758246
527,BP10,11,1,0.0714285714285714
528,BP10,12,1,0.0
529,BP10,13,1,0.0
530,BP10,14,1,0.0
531,BP10,15,1,-0.020000000000000018
532,BP10,16,1,0.020000000000000018
533,BP10,17,1,-0.22058823529411764
534,BP10,18,1,0.22058823529411764
535,BP10,19,1,0.0
536,BP10,20,1,-0.03125
537,BP10,21,1,-0.23541666666666672
538,BP10,22,1,0.08809523809523812
539,BP10,23,1,0.0535714285714286
540,BP10,24,1,0.125
541,BP10,25,1,-0.13636363636363635
542,BP10,26,1,0.056363636363636394
543,BP10,27,1,-0.1892307692307693
544,BP10,28,1,0.14423076923076927
545,BP10,29,1,-0.125
546,BP10,30,1,0.1071428571428571
547,BP10,31,1,0.1428571428571429
548,BP10,32,1,-0.11538461538461542
549,BP10,33,1,0.11538461538461542
550,BP10,34,1,0.0
551,BP10,35,1,0.0
552,BP10,36,1,-0.25
553,BP10,37,1,-0.11363636363636365
554,BP10,38,1,0.36363636363636365
555,BP10,39,1,-0.03125
556,BP10,40,1,-0.029356060606060552
557,BP10,41,1,0.03932946486137967
558,BP10,42,1,0.021276595744680882
559,BP10,43,1,0.0
560,BP10,44,1,-0.18181818181818177
561,BP10,45,1,0.07070707070707061
562,BP10,46,1,-0.16475095785440608
563,BP10,1,2,0.05932203389830504
564,BP10,2,2,0.22249614791987682
565,BP10,3,2,0.1515151515151515
566,BP10,4,2,0.06666666666666665
567,BP10,5,2,-0.07407407407407407
568,BP10,6,2,-0.047138047138047146
569,BP10,7,2,-0.17290552584670227
570,BP10,8,2,-0.002178649237472796
571,BP10,9,2,0.03703703703703698
572,BP10,10,2,-0.005446623093681824
573,BP10,11,2,-0.2758346581875994
574,BP10,12,2,0.18054054054054053
575,BP10,13,2,-0.09238095238095234
576,BP10,14,2,0.14203612479474548
577,BP10,15,2,0.06034482758620685
578,BP10,16,2,-0.056451612903225756
579,BP10,17,2,0.07456755493221123
580,BP10,18,2,0.0434782608695653
581,BP10,19,2,-0.12738367658276128
582,BP10,20,2,-0.1529605263157895
583,BP10,21,2,0.26875000000000004
584,BP10,22,2,0.021428571428571352
585,BP10,23,2,0.0535714285714286
586,BP10,24,2,-0.515
587,BP10,25,2,0.4127272727272727
588,BP10,26,2,0.027272727272727337
589,BP10,27,2,0.014814814814814725
590,BP10,28,2,-0.31481481481481477
591,BP10,29,2,0.15384615384615385
592,BP10,30,2,0.09615384615384615
593,BP10,31,2,0.15625
594,BP10,32,2,0.048295454545454586
595,BP10,33,2,-0.06883116883116891
596,BP10,34,2,0.08398268398268405
597,BP10,35,2,-0.03421309872922784
598,BP10,36,2,0.06451612903225812
599,BP10,37,2,-0.11111111111111116
600,BP10,38,2,0.011111111111111183
601,BP10,39,2,-0.3375
602,BP10,40,2,0.07386363636363635
603,BP10,41,2,0.14795008912655971
604,BP10,42,2,0.06675010429703798
605,BP10,43,2,0.07750759878419455
606,BP10,44,2,-0.02857142857142858
607,BP10,45,2,-0.20434782608695656
608,BP10,46,2,0.08695652173913049
609,BP10,4,3,-0.08333333333333331
610,BP10,5,3,0.231981981981982
611,BP10,6,3,0.2432432432432432
612,BP10,7,3,0.004659832246039164
613,BP10,8,3,0.0034482758620689724
614,BP10,9,3,-0.0304347826086957
615,BP10,10,3,0.050434782608695716
616,BP10,11,3,0.034545454545454546
617,BP10,12,3,-0.40909090909090917
618,BP10,13,3,0.044289044289044344
619,BP10,14,3,-0.06342780026990558
620,BP10,15,3,0.22368421052631582
621,BP10,16,3,0.1071428571428571
622,BP10,20,3,-0.05069124423963134
623,BP10,21,3,0.026881720430107614
624,BP10,22,3,0.04166666666666663
625,BP10,23,3,-0.08333333333333337
626,BP10,24,3,0.08833333333333337
627,BP10,25,3,0.07454545454545458
628,BP10,26,3,-0.15454545454545454
629,BP10,27,3,-0.022222222222222254
630,BP10,33,3,-0.130718954248366
631,BP10,34,3,0.11484593837535007
632,BP10,35,3,0.09103641456582634
633,BP10,36,3,-0.2322515212981744
634,BP10,37,3,0.03148425787106446
635,BP10,38,3,-0.15217391304347827
636,BP10,39,3,-0.0625
637,BP10,40,3,0.0625
638,BP10,41,3,0.1923076923076923
639,BP10,42,3,0.010395010395010451
640,BP10,43,3,0.24601524601524594
641,BP10,44,3,-0.04246794871794868
642,BP10,45,3,0.09375
643,BP10,46,3,-0.08695652173913049
644,BP10,7,4,0.13414634146341464
645,BP10,8,4,0.04442508710801396
646,BP10,9,4,0.24142857142857144
647,BP10,10,4,-0.06814814814814818
648,BP10,11,4,-0.07407407407407407
649,BP10,12,4,-0.11111111111111116
650,BP10,13,4,-0.07692307692307687
651,BP10,14,4,0.07692307692307687
652,BP10,20,4,-0.32291666666666663
653,BP10,21,4,0.3895833333333333
654,BP10,22,4,0.05833333333333335
655,BP10,23,4,-0.04166666666666663
656,BP10,24,4,-0.31
657,BP10,25,4,0.37818181818181823
658,BP10,26,4,0.021818181818181737
659,BP10,27,4,-0.10923076923076924
660,BP10,36,4,-0.12362637362637363
661,BP10,37,4,-0.016233766233766156
662,BP10,38,4,0.12909090909090903
663,BP10,39,4,-0.0012499999999999734
664,BP10,40,4,-0.09375
665,BP10,46,4,0.0535714285714286
666,BP10,11,5,-0.13461538461538464
667,BP10,12,5,0.22836538461538464
668,BP10,13,5,0.16487068965517238
669,BP10,14,5,-0.14571746384872075
670,BP10,20,5,0.2620967741935484
671,BP10,21,5,0.05833333333333335
672,BP10,22,5,0.025000000000000022
673,BP10,23,5,-0.04166666666666674
674,BP10,24,5,-0.08333333333333326
675,BP10,25,5,0.11904761904761896
676,BP10,26,5,0.007619047619047636
677,BP10,27,5,0.040000000000000036
678,BP11,42,0,0.25
679,BP11,43,0,-0.25
680,BP11,44,0,0.2142857142857143
681,BP11,45,0,0.08571428571428574
682,BP11,1,1,0.0
683,BP11,2,1,0.0
684,BP11,3,1,0.25
685,BP11,4,1,-0.08333333333333337
686,BP11,5,1,0.33333333333333337
687,BP11,6,1,-0.16666666666666663
688,BP11,7,1,0.16666666666666663
689,BP11,8,1,-0.19999999999999996
690,BP11,9,1,0.11666666666666659
691,BP11,10,1,0.08333333333333337
692,BP11,11,1,0.0
693,BP11,12,1,0.0
694,BP11,13,1,0.0
695,BP11,14,1,0.0
696,BP11,15,1,0.0
697,BP11,16,1,0.0
698,BP11,17,1,0.0
699,BP11,18,1,0.0
700,BP11,19,1,0.0
701,BP11,20,1,-0.10526315789473684
702,BP11,21,1,0.10526315789473684
703,BP11,22,1,-0.06666666666666665
704,BP11,23,1,0.06666666666666665
705,BP11,24,1,-0.15384615384615385
706,BP11,25,1,0.08241758241758246
707,BP11,26,1,-0.1160714285714286
708,BP11,27,1,0.1875
709,BP11,28,1,0.0
710,BP11,30,1,0.0
711,BP11,31,1,-0.0714285714285714
712,BP11,32,1,0.0714285714285714
713,BP11,33,1,0.0
714,BP11,34,1,-0.07692307692307687
715,BP11,35,1,-0.11057692307692313
716,BP11,36,1,0.1875
717,BP11,37,1,0.0
718,BP11,38,1,0.0
719,BP11,39,1,-0.40909090909090906
720,BP11,40,1,0.40909090909090906
721,BP11,41,1,0.0
722,BP11,42,1,-0.06666666666666665
723,BP11,43,1,-0.0871794871794872
724,BP11,44,1,-0.1461538461538462
725,BP11,45,1,0.07777777777777783
726,BP11,46,1,0.2222222222222222
727,BP11,47,1,-0.06666666666666665
728,BP11,48,1,-0.1333333333333333
729,BP11,49,1,0.018181818181818188
730,BP11,50,1,-0.008658008658008698
731,BP11,51,1,0.19047619047619047
732,BP11,52,1,-0.0714285714285714
733,BP11,1,2,0.33333333333333337
734,BP11,2,2,-0.8333333333333334
735,BP11,3,2,0.0
736,BP11,4,2,0.8
737,BP11,5,2,-0.13333333333333341
738,BP11,6,2,0.11111111111111116
739,BP11,7,2,-0.06349206349206349
740,BP11,8,2,-0.11428571428571432
741,BP11,9,2,0.3375
742,BP11,10,2,-0.02840909090909094
743,BP11,11,2,-0.009090909090909038
744,BP11,12,2,-0.15000000000000002
745,BP11,13,2,0.18333333333333335
746,BP11,14,2,-0.033333333333333326
747,BP11,15,2,-0.033333333333333326
748,BP11,16,2,0.015686274509803866
749,BP11,17,2,-0.16806722689075626
750,BP11,18,2,0.2857142857142857
751,BP11,19,2,0.0
752,BP11,20,2,-0.09090909090909094
753,BP11,21,2,0.05519480519480524
754,BP11,22,2,-0.0027472527472527375
755,BP11,23,2,-0.024038461538461564
756,BP11,24,2,0.01902173913043481
757,BP11,25,2,0.04347826086956519
758,BP11,26,2,-0.09090909090909094
759,BP11,27,2,0.09090909090909094
760,BP11,28,2,0.0
761,BP11,30,2,0.0
762,BP11,31,2,0.0
763,BP11,32,2,-0.06666666666666665
764,BP11,33,2,0.06666666666666665
765,BP11,34,2,-0.11111111111111116
766,BP11,35,2,0.11111111111111116
767,BP11,36,2,0.0
768,BP11,37,2,0.0
769,BP11,38,2,0.0
770,BP11,39,2,0.0
771,BP11,40,2,-0.04761904761904767
772,BP11,41,2,-0.0357142857142857
773,BP11,42,2,-0.016666666666666607
774,BP11,43,2,-0.12222222222222223
775,BP11,44,2,0.101010101010101
776,BP11,45,2,-0.09617918313570484
777,BP11,46,2,0.050724637681159424
778,BP11,47,2,-0.033333333333333326
779,BP11,48,2,0.09999999999999998
780,BP11,49,2,0.09999999999999998
781,BP11,50,2,0.0
782,BP11,51,2,0.0
783,BP11,52,2,0.0
784,BP11,12,3,-0.2142857142857143
785,BP11,13,3,0.25
786,BP11,14,3,0.0
787,BP11,15,3,0.029503105590062084
788,BP11,16,3,-0.17127799736495386
789,BP11,17,3,0.20606060606060606
790,BP11,18,3,0.06666666666666665
791,BP11,19,3,0.13333333333333341
792,BP11,20,3,-0.12
793,BP11,21,3,0.049729729729729666
794,BP11,22,3,0.10360360360360366
795,BP11,23,3,0.16666666666666663
796,BP11,24,3,-0.125
797,BP11,25,3,0.0
798,BP11,26,3,0.125
799,BP11,27,3,-0.11764705882352944
800,BP11,28,3,-0.38235294117647056
801,BP11,30,3,0.22413793103448276
802,BP11,31,3,-0.1050903119868637
803,BP11,32,3,0.012531328320801949
804,BP11,33,3,0.11842105263157898
805,BP11,34,3,-0.1785714285714286
806,BP11,35,3,0.12857142857142856
807,BP11,36,3,-0.05294117647058816
808,BP11,37,3,-0.0756302521008404
809,BP11,38,3,0.02857142857142858
810,BP11,39,3,0.10588235294117654
811,BP11,40,3,-0.0658823529411765
812,BP11,41,3,-0.08444444444444443
813,BP11,42,3,0.37777777777777777
814,BP11,43,3,-0.0871794871794872
815,BP11,44,3,0.06293706293706292
816,BP11,45,3,0.0
817,BP11,46,3,-0.27751196172248804
818,BP11,47,3,0.3381180223285487
819,BP11,48,3,-0.18398268398268403
820,BP11,49,3,-0.061576354679802936
821,BP11,50,3,0.0031347962382445305
822,BP11,51,3,-0.2272727272727273
823,BP11,52,3,0.0
824,BP11,24,4,0.042857142857142816
825,BP11,25,4,0.04805194805194812
826,BP11,26,4,-0.06459330143540676
827,BP11,27,4,0.23368421052631583
828,BP11,28,4,-0.20444444444444443
829,BP11,30,4,0.36111111111111105
830,BP11,31,4,-0.08333333333333326
831,BP11,32,4,-0.04761904761904767
832,BP11,33,4,0.15873015873015872
833,BP11,34,4,-0.2777777777777778
834,BP11,35,4,0.27450980392156865
835,BP11,36,4,-0.39572192513368987
836,BP11,37,4,0.025974025974025983
837,BP11,38,4,0.2561576354679803
838,BP11,39,4,-0.05835543766578244
839,BP11,40,4,0.0807692307692307
840,BP11,41,4,-0.0038461538461538325
841,BP11,42,4,0.15384615384615385
842,BP11,43,4,-1.0
843,BP11,44,4,1.0
844,BP11,45,4,-1.0
845,BP11,46,4,0.9166666666666666
846,BP11,47,4,0.08333333333333337
847,BP11,48,4,-0.11111111111111116
848,BP11,49,4,0.11111111111111116
849,BP11,50,4,-0.04761904761904767
850,BP11,51,4,0.04761904761904767
851,BP11,52,4,-0.1333333333333333
852,BP13,1,1,-0.25
853,BP13,2,1,0.125
854,BP13,3,1,0.625
855,BP13,4,1,-0.0714285714285714
856,BP13,5,1,0.0714285714285714
857,BP13,6,1,0.0
858,BP13,7,1,-0.1428571428571429
859,BP13,8,1,0.09285714285714286
860,BP13,9,1,-0.12241379310344824
861,BP13,10,1,0.13395225464190985
862,BP13,11,1,0.038461538461538436
863,BP13,12,1,0.0
864,BP13,13,1,0.0
865,BP13,14,1,0.0
866,BP13,15,1,0.0
867,BP13,16,1,0.0
868,BP13,17,1,0.0
869,BP13,18,1,0.0
870,BP13,19,1,-0.05555555555555558
871,BP13,20,1,0.05555555555555558
872,BP13,21,1,0.0
873,BP13,22,1,0.0
874,BP13,23,1,0.0
875,BP13,24,1,0.0
876,BP13,25,1,-0.1428571428571429
877,BP13,26,1,0.1428571428571429
878,BP13,27,1,0.0
879,BP13,28,1,0.0
880,BP13,29,1,0.0
881,BP13,30,1,-0.07692307692307687
882,BP13,1,2,0.125
883,BP13,2,2,0.0892857142857143
884,BP13,3,2,0.06349206349206349
885,BP13,4,2,0.022222222222222254
886,BP13,5,2,-0.16000000000000003
887,BP13,6,2,0.041818181818181754
888,BP13,7,2,-0.07070707070707061
889,BP13,8,2,0.17836257309941517
890,BP13,9,2,-0.14661654135338342
891,BP13,10,2,0.20329670329670324
892,BP13,11,2,-0.01758241758241752
893,BP13,12,2,-0.044787644787644854
894,BP13,13,2,0.13288288288288286
895,BP13,14,2,0.08333333333333337
896,BP13,15,2,-0.125
897,BP13,16,2,0.0535714285714286
898,BP13,17,2,-0.06493506493506496
899,BP13,18,2,0.10064935064935066
900,BP13,19,2,-0.08193277310924374
901,BP13,20,2,0.040723981900452566
902,BP13,21,2,0.024291497975708398
903,BP13,22,2,0.052631578947368474
904,BP13,23,2,-0.08333333333333337
905,BP13,24,2,0.02450980392156865
906,BP13,25,2,-0.22689075630252098
907,BP13,26,2,0.17460317460317454
908,BP13,27,2,-0.13888888888888884
909,BP13,28,2,0.08333333333333337
910,BP13,29,2,0.10784313725490191
911,BP13,30,2,-0.08403361344537819
912,BP13,15,3,-0.0625
913,BP13,16,3,0.3125
914,BP13,17,3,0.12096774193548387
915,BP13,18,3,-0.04953917050691248
916,BP13,19,3,-0.1743697478991596
917,BP13,20,3,-0.2396514161220044
918,BP13,21,3,0.2012882447665057
919,BP13,22,3,0.02766798418972327
920,BP13,23,3,0.2272727272727273
921,BP13,24,3,-0.14935064935064934
922,BP13,25,3,0.09523809523809523
923,BP13,26,3,-0.23260073260073266
924,BP13,27,3,0.11538461538461542
925,BP13,28,3,-0.012307692307692242
926,BP13,29,3,0.12
927,BP13,30,3,-0.022222222222222254
928,BP13,19,4,0.3571428571428571
929,BP13,20,4,0.06390977443609025
930,BP13,21,4,-0.001052631578947305
931,BP13,22,4,-0.13428571428571434
932,BP13,23,4,0.06043956043956045
933,BP13,24,4,0.10121457489878538
934,BP13,25,4,-0.19736842105263153
935,BP13,26,4,0.09210526315789469
936,BP13,27,4,0.08097165991902844
937,BP13,28,4,-0.03418803418803429
938,BP13,29,4,0.05228758169934644
939,BP13,30,4,-0.018099547511312153
940,BP14,1,1,0.5
941,BP14,2,1,0.0
942,BP14,3,1,0.0
943,BP14,4,1,0.0
944,BP14,5,1,-0.05882352941176472
945,BP14,6,1,-0.018099547511312153
946,BP14,7,1,-0.04807692307692313
947,BP14,8,1,0.125
948,BP14,9,1,-0.033333333333333326
949,BP14,10,1,0.033333333333333326
950,BP14,11,1,0.0
951,BP14,12,1,0.0
952,BP14,13,1,0.0
953,BP14,14,1,0.0
954,BP14,15,1,0.0
955,BP14,16,1,0.0
956,BP14,17,1,0.0
957,BP14,18,1,0.0
958,BP14,19,1,0.0
959,BP14,20,1,0.0
960,BP14,21,1,0.0
961,BP14,1,2,-0.3
962,BP14,2,2,0.0
963,BP14,3,2,0.425
964,BP14,4,2,0.27976190476190477
965,BP14,5,2,-0.20105820105820105
966,BP14,6,2,-0.03703703703703709
967,BP14,7,2,0.0
968,BP14,8,2,0.10752688172043012
969,BP14,9,2,-0.024193548387096753
970,BP14,10,2,-0.050000000000000044
971,BP14,11,2,0.014285714285714346
972,BP14,12,2,0.0714285714285714
973,BP14,13,2,0.04761904761904767
974,BP14,14,2,-0.033333333333333326
975,BP14,15,2,-0.8
976,BP14,16,2,0.6666666666666666
977,BP14,17,2,0.24242424242424243
978,BP14,18,2,-0.014354066985645897
979,BP14,19,2,-0.09473684210526312
980,BP14,20,2,0.19999999999999996
981,BP14,21,2,-0.5
982,BP14,14,3,0.16666666666666663
983,BP14,15,3,-0.16666666666666663
984,BP14,19,3,-0.125
985,BP14,20,3,0.22499999999999998
986,BP14,21,3,-0.19999999999999996
987,BP15,1,1,0.42307692307692313
988,BP15,2,1,0.036923076923076836
989,BP15,3,1,0.040000000000000036
990,BP15,4,1,-0.1333333333333333
991,BP15,5,1,0.1010752688172043
992,BP15,6,1,-0.17228739002932558
993,BP15,7,1,0.20454545454545459
994,BP15,8,1,-0.06896551724137934
995,BP15,9,1,-0.10494752623688153
996,BP15,10,1,0.04347826086956519
997,BP15,11,1,0.047101449275362306
998,BP15,12,1,-0.04166666666666663
999,BP15,13,1,-0.017857142857142905
1000,BP15,14,1,-0.0071428571428571175
1001,BP15,15,1,0.019565217391304346
1002,BP15,16,1,0.035196687370600444
1003,BP15,17,1,-0.10476190476190472
1004,BP15,18,1,0.19999999999999996
1005,BP15,19,1,-0.4347826086956522
1006,BP15,20,1,0.3295194508009154
1007,BP15,21,1,-0.11212814645308922
1008,BP15,22,1,0.16475972540045758
1009,BP15,23,1,-0.09551656920077967
1010,BP15,24,1,0.14814814814814814
1011,BP15,25,1,0.0
1012,BP15,26,1,0.0
1013,BP15,27,1,0.0
1014,BP15,1,2,-0.026315789473684237
1015,BP15,2,2,0.3263157894736843
1016,BP15,3,2,0.11666666666666659
1017,BP15,4,2,-0.19871794871794868
1018,BP15,5,2,-0.07509157509157505
1019,BP15,6,2,0.20329670329670324
1020,BP15,7,2,-0.008944543828264706
1021,BP15,8,2,0.041578576462297345
1022,BP15,9,2,0.12121212121212122
1023,BP15,10,2,0.0
1024,BP15,11,2,-0.08695652173913049
1025,BP15,12,2,0.012882447665056418
1026,BP15,13,2,0.07407407407407407
1027,BP15,14,2,-0.09090909090909094
1028,BP15,15,2,0.0039525691699604515
1029,BP15,16,2,-0.01830663615560635
1030,BP15,17,2,-0.16746411483253587
1031,BP15,18,2,0.09090909090909094
1032,BP15,19,2,0.023923444976076458
1033,BP15,20,2,-0.10136452241715399
1034,BP15,21,2,-0.04508856682769724
1035,BP15,22,2,0.1679841897233202
1036,BP15,23,2,-0.0636363636363636
1037,BP15,24,2,0.0
1038,BP15,25,2,0.0888888888888888
1039,BP15,26,2,0.05228758169934644
1040,BP15,27,2,-0.09502262443438914
1041,BP15,9,3,0.1333333333333333
1042,BP15,10,3,0.013725490196078494
1043,BP15,11,3,0.1029411764705882
1044,BP15,12,3,0.008620689655172376
1045,BP15,13,3,0.13026819923371646
1046,BP15,14,3,-0.05555555555555547
1047,BP15,15,3,-0.033333333333333326
1048,BP15,16,3,0.04999999999999993
1049,BP15,17,3,-0.016666666666666607
1050,BP15,18,3,0.023809523809523725
1051,BP15,19,3,-0.09243697478991597
1052,BP15,20,3,-0.025575447570332477
1053,BP15,21,3,-0.08528428093645479
1054,BP15,22,3,0.21571906354515047
1055,BP15,23,3,-0.1658615136876006
1056,BP15,24,3,0.08796296296296291
1057,BP15,25,3,0.034420289855072506
1058,BP15,26,3,-0.05335968379446643
1059,BP15,27,3,0.005050505050505083
1060,BP15,14,4,0.1785714285714286
1061,BP15,15,4,0.17328042328042326
1062,BP15,16,4,-0.051851851851851816
1063,BP15,17,4,0.09999999999999998
1064,BP15,18,4,-0.04285714285714293
1065,BP15,19,4,-0.04761904761904756
1066,BP15,20,4,0.09956709956709953
1067,BP15,21,4,-0.0043290043290042934
1068,BP15,22,4,-0.010025062656641603
1069,BP15,23,4,0.05980861244019142
1070,BP15,24,4,-0.045454545454545525
1071,BP15,25,4,0.09090909090909094
1072,BP15,26,4,-0.0625
1073,BP15,27,4,-0.03273809523809523
1074,BP16,1,1,0.2777777777777778
1075,BP16,2,1,0.05555555555555558
1076,BP16,3,1,0.16666666666666663
1077,BP16,4,1,0.0
1078,BP16,5,1,-0.0357142857142857
1079,BP16,6,1,0.0012315270935960854
1080,BP16,7,1,-0.12551724137931042
1081,BP16,8,1,0.16000000000000003
1082,BP16,9,1,0.0
1083,BP16,10,1,0.0
1084,BP16,11,1,-0.06451612903225812
1085,BP16,12,1,0.06451612903225812
1086,BP16,13,1,0.0
1087,BP16,14,1,0.0
1088,BP16,15,1,0.0
1089,BP16,16,1,0.0
1090,BP16,17,1,0.0
1091,BP16,18,1,0.0
1092,BP16,19,1,0.0
1093,BP16,1,2,0.05555555555555558
1094,BP16,2,2,0.023391812865497075
1095,BP16,3,2,0.12938596491228072
1096,BP16,4,2,0.11309523809523803
1097,BP16,5,2,-0.1635338345864661
1098,BP16,6,2,0.03441295546558698
1099,BP16,7,2,0.07692307692307698
1100,BP16,8,2,0.0694789081885856
1101,BP16,9,2,0.11000827129859381
1102,BP16,10,2,0.05128205128205132
1103,BP16,11,2,-0.03703703703703709
1104,BP16,12,2,0.03703703703703709
1105,BP16,13,2,-0.050000000000000044
1106,BP16,14,2,-0.008823529411764675
1107,BP16,15,2,-0.09502262443438914
1108,BP16,16,2,0.06688963210702337
1109,BP16,17,2,0.006956521739130528
1110,BP16,18,2,0.07999999999999996
1111,BP16,19,2,-0.050000000000000044
1112,BP16,10,3,0.3709677419354839
1113,BP16,11,3,0.09199522102747903
1114,BP16,12,3,0.03703703703703709
1115,BP16,13,3,-0.19047619047619047
1116,BP16,14,3,0.0793650793650793
1117,BP16,15,3,-0.0888888888888888
1118,BP16,16,3,0.11304347826086947
1119,BP16,17,3,0.010033444816053616
1120,BP16,18,3,0.07692307692307687
1121,BP16,19,3,0.0
1122,BP16,13,4,0.15384615384615385
1123,BP16,14,4,0.2961538461538461
1124,BP16,15,4,0.050000000000000044
1125,BP16,16,4,0.0
1126,BP16,17,4,-0.25806451612903225
1127,BP16,18,4,0.21806451612903222
1128,BP16,19,4,-0.12
1129,BP19,1,1,0.25
1130,BP19,2,1,-0.25
1131,BP19,3,1,0.25
1132,BP19,4,1,0.050000000000000044
1133,BP19,5,1,0.19999999999999996
1134,BP19,6,1,-0.2941176470588235
1135,BP19,7,1,0.21411764705882352
1136,BP19,8,1,-0.1831578947368422
1137,BP19,9,1,0.13272311212814647
1138,BP19,10,1,0.09918478260869568
1139,BP19,11,1,0.03125
1140,BP19,12,1,-0.09090909090909094
1141,BP19,13,1,0.09090909090909094
1142,BP19,14,1,-0.125
1143,BP19,15,1,0.01388888888888884
1144,BP19,16,1,0.05228758169934644
1145,BP19,17,1,0.05882352941176472
1146,BP19,18,1,0.0
1147,BP19,19,1,0.0
1148,BP19,20,1,0.0
1149,BP19,21,1,0.0
1150,BP19,22,1,-0.05555555555555558
1151,BP19,23,1,0.005555555555555536
1152,BP19,24,1,-0.005555555555555536
1153,BP19,25,1,-0.12091503267973858
1154,BP19,26,1,0.17647058823529416
1155,BP19,27,1,-0.10526315789473684
1156,BP19,28,1,0.10526315789473684
1157,BP19,29,1,0.0
1158,BP19,30,1,-0.050000000000000044
1159,BP19,31,1,0.050000000000000044
1160,BP19,32,1,0.0
1161,BP19,33,1,0.0
1162,BP19,34,1,0.0
1163,BP19,35,1,0.0
1164,BP19,36,1,0.0
1165,BP19,37,1,-0.375
1166,BP19,38,1,0.1527777777777778
1167,BP19,39,1,0.08585858585858586
1168,BP19,40,1,0.13636363636363635
1169,BP19,41,1,0.0
1170,BP19,42,1,0.0
1171,BP19,1,2,0.30000000000000004
1172,BP19,2,2,0.0
1173,BP19,3,2,-0.22857142857142865
1174,BP19,4,2,0.01680672268907568
1175,BP19,5,2,0.21176470588235297
1176,BP19,6,2,-0.022222222222222254
1177,BP19,7,2,0.11111111111111105
1178,BP19,8,2,-0.07070707070707061
1179,BP19,9,2,0.0032467532467531646
1180,BP19,10,2,0.12301587301587302
1181,BP19,11,2,-0.03968253968253965
1182,BP19,12,2,0.04523809523809519
1183,BP19,13,2,-0.19999999999999996
1184,BP19,14,2,0.25
1185,BP19,15,2,-0.26315789473684215
1186,BP19,16,2,0.10526315789473684
1187,BP19,17,2,-0.05263157894736836
1188,BP19,18,2,0.16052631578947363
1189,BP19,19,2,-0.005555555555555536
1190,BP19,20,2,0.05555555555555558
1191,BP19,21,2,-0.05882352941176472
1192,BP19,22,2,0.05882352941176472
1193,BP19,23,2,-0.05882352941176472
1194,BP19,24,2,0.05882352941176472
1195,BP19,25,2,-0.05555555555555558
1196,BP19,26,2,0.05555555555555558
1197,BP19,27,2,-0.11764705882352944
1198,BP19,28,2,0.050980392156862786
1199,BP19,29,2,-0.06666666666666665
1200,BP19,30,2,0.033333333333333326
1201,BP19,31,2,0.09999999999999998
1202,BP19,32,2,0.0
1203,BP19,33,2,0.0
1204,BP19,34,2,-0.05882352941176472
1205,BP19,35,2,-0.003676470588235281
1206,BP19,36,2,-0.008928571428571397
1207,BP19,37,2,0.0714285714285714
1208,BP19,38,2,-0.052631578947368474
1209,BP19,39,2,0.052631578947368474
1210,BP19,40,2,0.0
1211,BP19,41,2,0.0
1212,BP19,42,2,0.0
1213,BP19,11,3,0.3421052631578947
1214,BP19,12,3,0.10526315789473684
1215,BP19,13,3,-0.137844611528822
1216,BP19,14,3,-0.07268170426065168
1217,BP19,15,3,-0.21510297482837526
1218,BP19,16,3,0.1925465838509317
1219,BP19,17,3,-0.06211180124223603
1220,BP19,18,3,-0.02254428341384862
1221,BP19,19,3,0.02254428341384862
1222,BP19,20,3,-0.04611330698287219
1223,BP19,21,3,0.32727272727272727
1224,BP19,22,3,-0.18333333333333335
1225,BP19,23,3,-0.08333333333333337
1226,BP19,24,3,0.14102564102564108
1227,BP19,25,3,-0.08041958041958042
1228,BP19,26,3,-0.37944664031620556
1229,BP19,27,3,0.3418290854572714
1230,BP19,28,3,0.22338830584707636
1231,BP19,29,3,-0.07971014492753614
1232,BP19,30,3,-0.13333333333333341
1233,BP19,31,3,0.03913043478260869
1234,BP19,32,3,0.07568438003220612
1235,BP19,33,3,0.06018518518518523
1236,BP19,34,3,-0.3097826086956522
1237,BP19,35,3,0.2768878718535469
1238,BP19,36,3,-0.00877192982456132
1239,BP19,37,3,-0.1515151515151516
1240,BP19,38,3,0.038181818181818206
1241,BP19,39,3,-0.039999999999999925
1242,BP19,40,3,0.04222222222222216
1243,BP19,41,3,0.05555555555555558
1244,BP19,42,3,0.0793650793650793
1245,BP19,13,4,0.09259259259259256
1246,BP19,14,4,0.07407407407407407
1247,BP19,15,4,0.16666666666666674
1248,BP19,16,4,-0.02083333333333337
1249,BP19,17,4,-0.023026315789473673
1250,BP19,18,4,-0.027568922305764465
1251,BP19,19,4,0.07142857142857151
1252,BP19,20,4,0.11666666666666659
1253,BP19,21,4,-0.29999999999999993
1254,BP19,22,4,0.09999999999999998
1255,BP19,23,4,-0.08333333333333337
1256,BP19,24,4,0.29333333333333333
1257,BP19,25,4,-0.15047619047619043
1258,BP19,26,4,0.19047619047619047
1259,BP19,27,4,-0.3157894736842105
1260,BP19,28,4,0.17942583732057416
1261,BP19,29,4,0.005928853754940677
1262,BP19,30,4,0.09595202398800606
1263,BP19,31,4,-0.010971786833855801
1264,BP19,32,4,-0.07219251336898402
1265,BP19,33,4,0.0267379679144385
1266,BP19,34,4,-0.051948051948051965
1267,BP19,35,4,-0.04761904761904756
1268,BP19,36,4,-0.04761904761904767
1269,BP19,37,4,0.17559523809523814
1270,BP19,38,4,0.009868421052631526
1271,BP19,39,4,-0.0029239766081871066
1272,BP19,40,4,-0.10233918128654973
1273,BP19,41,4,0.07789473684210535
1274,BP19,42,4,-0.020000000000000018
1275,BP21,1,1,0.0
1276,BP21,2,1,0.2142857142857143
1277,BP21,3,1,0.08571428571428574
1278,BP21,4,1,0.0
1279,BP21,5,1,-0.13333333333333341
1280,BP21,6,1,-0.012820512820512775
1281,BP21,7,1,0.2985347985347985
1282,BP21,8,1,-0.1341991341991341
1283,BP21,9,1,-0.43582887700534767
1284,BP21,10,1,0.6176470588235294
1285,BP21,11,1,-0.08333333333333337
1286,BP21,12,1,-0.26960784313725483
1287,BP21,13,1,0.15294117647058825
1288,BP21,14,1,-0.06666666666666676
1289,BP21,15,1,0.14901960784313728
1290,BP21,16,1,-0.2990196078431372
1291,BP21,17,1,-0.16666666666666669
1292,BP21,18,1,0.28333333333333327
1293,BP21,19,1,0.1823529411764706
1294,BP21,20,1,-0.588235294117647
1295,BP21,21,1,0.5458823529411765
1296,BP21,22,1,-0.12571428571428567
1297,BP21,23,1,0.2142857142857143
1298,BP21,24,1,-0.4785714285714286
1299,BP21,25,1,0.4973684210526315
1300,BP21,26,1,-0.12383900928792568
1301,BP21,27,1,0.07647058823529418
1302,BP21,28,1,0.009090909090909038
1303,BP21,29,1,-0.07575757575757569
1304,BP21,30,1,0.16666666666666663
1305,BP21,31,1,-0.16666666666666663
1306,BP21,32,1,0.033333333333333326
1307,BP21,33,1,-0.4777777777777778
1308,BP21,34,1,0.42063492063492064
1309,BP21,35,1,-0.18452380952380953
1310,BP21,36,1,0.26388888888888884
1311,BP21,37,1,-0.17460317460317454
1312,BP21,38,1,0.16806722689075626
1313,BP21,39,1,-0.43790849673202614
1314,BP21,40,1,0.15555555555555556
1315,BP21,41,1,0.10833333333333339
1316,BP21,42,1,-0.09294871794871795
1317,BP21,43,1,-0.008241758241758323
1318,BP21,44,1,0.29761904761904767
1319,BP21,45,1,-0.14005602240896364
1320,BP21,46,1,-0.15601023017902804
1321,BP21,47,1,0.3913043478260869
1322,BP21,48,1,0.0
1323,BP21,49,1,0.0
1324,BP21,50,1,0.0
1325,BP21,51,1,-0.4285714285714286
1326,BP21,52,1,0.4285714285714286
1327,BP21,53,1,0.0
1328,BP21,1,2,-0.25
1329,BP21,2,2,0.21153846153846156
1330,BP21,3,2,0.038461538461538436
1331,BP21,4,2,0.3571428571428571
1332,BP21,5,2,0.1428571428571429
1333,BP21,6,2,-0.25
1334,BP21,7,2,-0.125
1335,BP21,8,2,0.24456521739130432
1336,BP21,9,2,-0.019565217391304346
1337,BP21,10,2,0.10999999999999999
1338,BP21,11,2,-0.010000000000000009
1339,BP21,12,2,-0.016666666666666607
1340,BP21,13,2,-0.11515151515151512
1341,BP21,14,2,-0.13068181818181823
1342,BP21,15,2,0.1791666666666667
1343,BP21,16,2,0.07450980392156858
1344,BP21,17,2,-0.14117647058823524
1345,BP21,18,2,-0.17500000000000004
1346,BP21,19,2,0.19852941176470584
1347,BP21,20,2,0.05882352941176472
1348,BP21,21,2,-0.33689839572192515
1349,BP21,22,2,0.30639730639730645
1350,BP21,23,2,-0.005698005698005715
1351,BP21,24,2,-0.16194331983805665
1352,BP21,25,2,0.19814241486068107
1353,BP21,26,2,-0.007352941176470562
1354,BP21,27,2,0.125
1355,BP21,28,2,-0.18181818181818177
1356,BP21,29,2,0.18181818181818177
1357,BP21,30,2,-0.46153846153846156
1358,BP21,31,2,0.3782051282051282
1359,BP21,32,2,-0.04999999999999993
1360,BP21,33,2,-0.024561403508772006
1361,BP21,34,2,-0.05639097744360899
1362,BP21,35,2,-0.0357142857142857
1363,BP21,36,2,-0.4166666666666667
1364,BP21,37,2,0.5
1365,BP21,38,2,0.012820512820512775
1366,BP21,39,2,0.08241758241758246
1367,BP21,40,2,-0.011904761904761973
1368,BP21,41,2,-0.31666666666666665
1369,BP21,42,2,0.2333333333333334
1370,BP21,43,2,-0.033333333333333326
1371,BP21,44,2,-0.050000000000000044
1372,BP21,45,2,0.0
1373,BP21,46,2,-0.19444444444444442
1374,BP21,47,2,-0.05555555555555558
1375,BP21,48,2,0.30000000000000004
1376,BP21,49,2,0.07499999999999996
1377,BP21,50,2,0.03409090909090906
1378,BP21,51,2,-0.17575757575757578
1379,BP21,52,2,0.2666666666666667
1380,BP21,53,2,0.0
1381,BP21,12,3,0.16666666666666663
1382,BP21,13,3,0.23809523809523814
1383,BP21,14,3,-0.022408963585434205
1384,BP21,15,3,-0.16013071895424835
1385,BP21,16,3,0.0
1386,BP21,17,3,0.21111111111111114
1387,BP21,18,3,-0.24912280701754386
1388,BP21,19,3,0.14912280701754388
1389,BP21,20,3,0.16666666666666663
1390,BP21,21,3,-0.09999999999999998
1391,BP21,22,3,-0.4
1392,BP21,23,3,0.40909090909090906
1393,BP21,24,3,0.007575757575757569
1394,BP21,25,3,0.08333333333333337
1395,BP21,26,3,-0.15384615384615385
1396,BP21,27,3,0.07051282051282048
1397,BP21,28,3,-0.007575757575757569
1398,BP21,29,3,0.013986013986014068
1399,BP21,30,3,0.0
1400,BP21,31,3,-0.07692307692307698
1401,BP21,32,3,0.07051282051282048
1402,BP21,33,3,-0.1519607843137255
1403,BP21,34,3,-0.4010695187165775
1404,BP21,35,3,0.5738636363636364
1405,BP21,36,3,-0.05514705882352944
1406,BP21,37,3,-0.06417112299465233
1407,BP21,38,3,0.18181818181818177
1408,BP21,39,3,0.0
1409,BP21,40,3,0.0
1410,BP21,41,3,-0.11111111111111116
1411,BP21,42,3,0.02777777777777779
1412,BP21,43,3,0.08333333333333337
1413,BP21,44,3,0.0
1414,BP21,45,3,-0.33333333333333337
1415,BP21,46,3,0.2222222222222222
1416,BP21,47,3,0.11111111111111116
1417,BP21,48,3,-0.09090909090909094
1418,BP21,49,3,0.007575757575757569
1419,BP21,50,3,0.0
1420,BP21,51,3,-0.04166666666666663
1421,BP21,52,3,0.125
1422,BP21,53,3,0.0
1423,BP21,27,4,0.375
1424,BP21,28,4,-0.3295454545454546
1425,BP21,29,4,0.3712121212121212
1426,BP21,30,4,-0.07051282051282048
1427,BP21,31,4,0.07692307692307698
1428,BP21,32,4,-0.12307692307692308
1429,BP21,33,4,-0.014285714285714346
1430,BP21,34,4,-0.08571428571428574
1431,BP21,35,4,0.30000000000000004
1432,BP21,36,4,-0.11764705882352944
1433,BP21,37,4,0.03431372549019607
1434,BP21,38,4,0.0
1435,BP21,39,4,0.0064102564102564985
1436,BP21,40,4,-0.013986013986014068
1437,BP21,41,4,-0.02020202020202022
1438,BP21,42,4,-0.13888888888888884
1439,BP21,43,4,0.25
1440,BP21,44,4,-0.125
1441,BP21,45,4,-0.375
1442,BP21,46,4,0.2777777777777778
1443,BP21,47,4,0.0793650793650793
1444,BP21,48,4,0.059523809523809534
1445,BP21,49,4,-0.25
1446,BP21,50,4,0.2777777777777778
1447,BP21,51,4,-0.09829059829059827
1448,BP21,52,4,0.08241758241758246
1449,BP21,53,4,-0.07142857142857151
1450,BP22,1,1,0.0
1451,BP22,2,1,0.4375
1452,BP22,3,1,-0.03749999999999998
1453,BP22,4,1,0.023076923076923106
1454,BP22,5,1,0.07692307692307687
1455,BP22,6,1,-0.0714285714285714
1456,BP22,7,1,0.006912442396313279
1457,BP22,8,1,-0.13548387096774184
1458,BP22,9,1,0.09999999999999998
1459,BP22,10,1,0.04117647058823526
1460,BP22,11,1,-0.14117647058823524
1461,BP22,12,1,-0.022222222222222254
1462,BP22,13,1,0.1507936507936508
1463,BP22,14,1,0.0714285714285714
1464,BP22,15,1,-0.2222222222222222
1465,BP22,16,1,0.2222222222222222
1466,BP22,17,1,-0.1428571428571429
1467,BP22,18,1,0.1428571428571429
1468,BP22,19,1,-0.19999999999999996
1469,BP22,20,1,0.14117647058823524
1470,BP22,21,1,-0.05228758169934644
1471,BP22,22,1,-0.0888888888888888
1472,BP22,23,1,-0.03076923076923077
1473,BP22,24,1,0.0641025641025641
1474,BP22,25,1,-0.08333333333333337
1475,BP22,26,1,0.014705882352941124
1476,BP22,27,1,0.0
1477,BP22,28,1,-0.06470588235294117
1478,BP22,29,1,0.18000000000000005
1479,BP22,30,1,0.029090909090909056
1480,BP22,31,1,-0.24242424242424243
1481,BP22,32,1,0.17948717948717952
1482,BP22,33,1,-0.2097902097902098
1483,BP22,34,1,0.36363636363636365
1484,BP22,35,1,-0.125
1485,BP22,36,1,-0.1607142857142857
1486,BP22,37,1,0.2857142857142857
1487,BP22,38,1,-0.25
1488,BP22,39,1,0.1785714285714286
1489,BP22,40,1,0.0714285714285714
1490,BP22,41,1,-0.11111111111111116
1491,BP22,42,1,0.11111111111111116
1492,BP22,43,1,-0.23076923076923073
1493,BP22,44,1,0.23076923076923073
1494,BP22,45,1,0.0
1495,BP22,46,1,0.0
1496,BP22,47,1,-0.23076923076923073
1497,BP22,48,1,0.23076923076923073
1498,BP22,49,1,0.0
1499,BP22,50,1,0.0
1500,BP22,1,2,-0.07142857142857145
1501,BP22,2,2,0.07142857142857145
1502,BP22,3,2,-0.125
1503,BP22,4,2,0.3583333333333333
1504,BP22,5,2,0.14666666666666672
1505,BP22,6,2,-0.05241379310344829
1506,BP22,7,2,0.039080459770114984
1507,BP22,8,2,-0.06666666666666665
1508,BP22,9,2,0.12307692307692308
1509,BP22,10,2,0.024291497975708398
1510,BP22,11,2,0.052631578947368474
1511,BP22,12,2,-0.18181818181818177
1512,BP22,13,2,0.03896103896103886
1513,BP22,14,2,-0.1071428571428571
1514,BP22,15,2,-0.25
1515,BP22,16,2,0.41666666666666663
1516,BP22,17,2,-0.4621212121212121
1517,BP22,18,2,0.5454545454545454
1518,BP22,19,2,-0.05882352941176472
1519,BP22,20,2,-0.02450980392156865
1520,BP22,21,2,-0.21666666666666667
1521,BP22,22,2,0.22857142857142865
1522,BP22,23,2,-0.0535714285714286
1523,BP22,24,2,0.01388888888888884
1524,BP22,25,2,0.039682539682539764
1525,BP22,26,2,0.0
1526,BP22,27,2,0.0714285714285714
1527,BP22,28,2,-0.375
1528,BP22,29,2,0.3035714285714286
1529,BP22,30,2,-0.02857142857142858
1530,BP22,31,2,-0.18571428571428572
1531,BP22,32,2,0.10389610389610393
1532,BP22,33,2,0.0
1533,BP22,34,2,0.09090909090909083
1534,BP22,35,2,-0.03409090909090906
1535,BP22,36,2,0.025000000000000022
1536,BP22,37,2,0.09999999999999998
1537,BP22,38,2,0.0
1538,BP22,39,2,-0.11111111111111116
1539,BP22,40,2,0.11111111111111116
1540,BP22,41,2,0.0
1541,BP22,42,2,-0.125
1542,BP22,43,2,0.04807692307692313
1543,BP22,44,2,0.07692307692307687
1544,BP22,45,2,-0.4
1545,BP22,46,2,0.28888888888888886
1546,BP22,47,2,0.11111111111111116
1547,BP22,48,2,0.0
1548,BP22,49,2,-0.1428571428571429
1549,BP22,50,2,0.07619047619047625
1550,BP22,8,3,0.32352941176470584
1551,BP22,9,3,-0.05429864253393657
1552,BP22,10,3,0.23076923076923073
1553,BP22,11,3,-0.07692307692307687
1554,BP22,12,3,-0.2564102564102565
1555,BP22,13,3,0.1228070175438597
1556,BP22,14,3,0.028708133971291905
1557,BP22,15,3,-0.3636363636363637
1558,BP22,16,3,0.3454545454545455
1559,BP22,17,3,-0.3555555555555556
1560,BP22,18,3,0.2222222222222222
1561,BP22,19,3,0.17543859649122806
1562,BP22,20,3,0.07456140350877194
1563,BP22,21,3,0.08333333333333337
1564,BP22,22,3,-0.09999999999999998
1565,BP22,23,3,-0.4
1566,BP22,24,3,0.38235294117647056
1567,BP22,25,3,0.11764705882352944
1568,BP22,26,3,0.0
1569,BP22,27,3,-0.09999999999999998
1570,BP22,28,3,-0.65
1571,BP22,29,3,0.5277777777777778
1572,BP22,30,3,0.0793650793650793
1573,BP22,31,3,-0.8571428571428571
1574,BP22,32,3,0.75
1575,BP22,33,3,-0.16666666666666663
1576,BP22,34,3,0.21666666666666667
1577,BP22,35,3,-0.13333333333333341
1578,BP22,36,3,0.04761904761904767
1579,BP22,37,3,0.11904761904761907
1580,BP22,38,3,-0.04761904761904767
1581,BP22,39,3,0.1428571428571429
1582,BP22,40,3,-0.11038961038961037
1583,BP22,41,3,-0.21818181818181825
1584,BP22,42,3,0.1692307692307693
1585,BP22,43,3,0.23076923076923073
1586,BP22,44,3,-0.5384615384615384
1587,BP22,45,3,-0.006993006993007034
1588,BP22,46,3,0.42045454545454547
1589,BP22,47,3,0.03409090909090906
1590,BP22,48,3,-0.009090909090909038
1591,BP22,49,3,0.016666666666666607
1592,BP22,50,3,-0.021929824561403466
1593,BP22,11,4,0.2894736842105263
1594,BP22,12,4,0.04385964912280704
1595,BP22,13,4,0.033333333333333326
1596,BP22,14,4,-0.048484848484848464
1597,BP22,15,4,-0.35664335664335667
1598,BP22,16,4,0.32417582417582413
1599,BP22,17,4,-0.2857142857142857
1600,BP22,18,4,0.125
1601,BP22,19,4,0.20833333333333337
1602,BP22,20,4,0.08333333333333326
1603,BP22,21,4,-0.02777777777777779
1604,BP22,22,4,-0.16161616161616155
1605,BP22,23,4,-0.14393939393939392
1606,BP22,24,4,0.35416666666666663
1607,BP22,25,4,0.0625
1608,BP22,26,4,0.0
1609,BP22,27,4,0.0
1610,BP22,28,4,0.0
1611,BP22,29,4,0.0
1612,BP22,30,4,0.0
1613,BP22,31,4,-0.33333333333333337
1614,BP22,32,4,0.06060606060606066
1615,BP22,33,4,0.0
1616,BP22,34,4,0.0
1617,BP22,35,4,0.1298701298701298
1618,BP22,36,4,-0.05714285714285705
1619,BP22,37,4,0.19999999999999996
1620,BP22,38,4,-0.375
1621,BP22,39,4,0.1607142857142857
1622,BP22,40,4,0.13095238095238093
1623,BP22,41,4,-0.4621212121212121
1624,BP22,42,4,0.2121212121212121
1625,BP22,43,4,0.06060606060606066
1626,BP22,44,4,-0.12727272727272732
1627,BP22,45,4,-0.1833333333333333
1628,BP22,46,4,-0.004901960784313764
1629,BP22,47,4,0.31550802139037437
1630,BP22,48,4,0.2727272727272727
1631,BP22,49,4,0.0
1632,BP22,50,4,-0.05882352941176472
1633,TH405,1,1,0.07894736842105265
1634,TH405,2,1,0.12938596491228072
1635,TH405,3,1,-0.05208333333333337
1636,TH405,4,1,-0.15625
1637,TH405,5,1,0.1071428571428571
1638,TH405,6,1,0.3373015873015873
1639,TH405,7,1,0.05555555555555558
1640,TH405,8,1,-0.15384615384615385
1641,TH405,9,1,0.07051282051282048
1642,TH405,10,1,0.08333333333333337
1643,TH405,11,1,0.0
1644,TH405,12,1,-0.11111111111111116
1645,TH405,13,1,-0.0888888888888888
1646,TH405,14,1,0.19999999999999996
1647,TH405,15,1,-0.07692307692307687
1648,TH405,16,1,-0.05944055944055948
1649,TH405,17,1,-0.2097902097902098
1650,TH405,18,1,0.2794871794871795
1651,TH405,19,1,0.06666666666666665
1652,TH405,20,1,0.0
1653,TH405,21,1,0.0
1654,TH405,22,1,0.0
1655,TH405,23,1,-0.23809523809523814
1656,TH405,24,1,0.23809523809523814
1657,TH405,25,1,0.0
1658,TH405,26,1,-0.23529411764705888
1659,TH405,27,1,0.11764705882352944
1660,TH405,28,1,0.11764705882352944
1661,TH405,29,1,-0.1724137931034483
1662,TH405,30,1,-0.1960072595281307
1663,TH405,31,1,0.16842105263157903
1664,TH405,32,1,-0.07777777777777783
1665,TH405,33,1,0.16666666666666663
1666,TH405,34,1,-0.08333333333333326
1667,TH405,35,1,-0.18393393393393398
1668,TH405,1,2,0.050000000000000044
1669,TH405,2,2,0.07499999999999996
1670,TH405,3,2,0.125
1671,TH405,4,2,-0.17307692307692313
1672,TH405,5,2,0.2802197802197802
1673,TH405,6,2,0.1428571428571429
1674,TH405,7,2,-0.06060606060606055
1675,TH405,8,2,-0.0060606060606061
1676,TH405,9,2,-0.07619047619047625
1677,TH405,10,2,0.10119047619047628
1678,TH405,11,2,0.04166666666666663
1679,TH405,12,2,-0.21052631578947367
1680,TH405,13,2,0.1271929824561403
1681,TH405,14,2,-0.05303030303030298
1682,TH405,15,2,0.05944055944055948
1683,TH405,16,2,-0.053511705685618804
1684,TH405,17,2,0.02517162471395884
1685,TH405,18,2,-0.1328320802005013
1686,TH405,19,2,-0.011904761904761862
1687,TH405,20,2,0.19117647058823528
1688,TH405,21,2,-0.5411764705882353
1689,TH405,22,2,0.37777777777777777
1690,TH405,23,2,0.0643274853801169
1691,TH405,24,2,-0.36062378167641324
1692,TH405,25,2,0.4074074074074074
1693,TH405,26,2,-0.18300653594771232
1694,TH405,27,2,-0.005882352941176561
1695,TH405,28,2,-0.047826086956521685
1696,TH405,29,2,0.27639751552795033
1697,TH405,30,2,-0.08646616541353391
1698,TH405,31,2,-0.042105263157894646
1699,TH405,32,2,-0.050000000000000044
1700,TH405,33,2,0.0
1701,TH405,34,2,0.13235294117647056
1702,TH405,35,2,0.11764705882352944
1703,TH405,8,3,-0.125
1704,TH405,9,3,0.20564516129032262
1705,TH405,10,3,-0.13327674023769104
1706,TH405,11,3,0.2449392712550607
1707,TH405,12,3,0.12019230769230771
1708,TH405,13,3,-0.28308823529411764
1709,TH405,14,3,0.2854030501089324
1710,TH405,15,3,-0.10893246187363825
1711,TH405,16,3,0.021390374331550777
1712,TH405,17,3,0.0505050505050505
1713,TH405,18,3,0.11111111111111105
1714,TH405,19,3,-0.21321321321321318
1715,TH405,20,3,0.13682432432432434
1716,TH405,21,3,-0.2569444444444444
1717,TH405,22,3,0.326797385620915
1718,TH405,23,3,-0.09068627450980393
1719,TH405,24,3,-0.17261904761904756
1720,TH405,25,3,0.19047619047619047
1721,TH405,26,3,0.19047619047619047
1722,TH405,27,3,-0.21052631578947367
1723,TH405,28,3,0.06052631578947365
1724,TH405,29,3,-0.19285714285714284
1725,TH405,30,3,-0.07819548872180448
1726,TH405,31,3,0.23923444976076558
1727,TH405,32,3,-0.20707070707070707
1728,TH405,33,3,0.28888888888888886
1729,TH405,34,3,0.003225806451612856
1730,TH405,35,3,-0.09677419354838712
1731,TH405,17,4,0.06666666666666665
1732,TH405,18,4,-0.09791666666666665
1733,TH405,19,4,0.1875
1734,TH405,20,4,0.10845588235294112
1735,TH405,21,4,0.23529411764705888
1736,TH405,22,4,-0.1428571428571429
1737,TH405,23,4,-0.12637362637362637
1738,TH405,24,4,0.10256410256410264
1739,TH405,25,4,-0.17948717948717952
1740,TH405,26,4,0.012820512820512775
1741,TH405,27,4,0.20833333333333337
1742,TH405,28,4,-0.03289473684210531
1743,TH405,29,4,0.015037593984962405
1744,TH405,30,4,0.0
1745,TH405,31,4,0.08730158730158732
1746,TH405,32,4,-0.011111111111111072
1747,TH405,33,4,-0.12380952380952381
1748,TH405,34,4,0.12380952380952381
1749,TH405,35,4,-0.04871794871794877
1750,TH508,1,1,0.41666666666666663
1751,TH508,2,1,0.04166666666666674
1752,TH508,3,1,0.04166666666666663
1753,TH508,4,1,-0.023809523809523836
1754,TH508,5,1,0.023809523809523836
1755,TH508,6,1,0.0
1756,TH508,7,1,-0.0357142857142857
1757,TH508,8,1,0.0357142857142857
1758,TH508,9,1,-0.08333333333333337
1759,TH508,10,1,-0.023809523809523725
1760,TH508,11,1,0.03397212543554007
1761,TH508,12,1,-0.2195121951219513
1762,TH508,13,1,-0.07573812580231065
1763,TH508,14,1,0.06609547123623016
1764,TH508,15,1,-0.01346389228886169
1765,TH508,16,1,0.07894736842105265
1766,TH508,17,1,-0.039019963702359384
1767,TH508,18,1,0.035862068965517246
1768,TH508,19,1,-0.1383783783783784
1769,TH508,20,1,0.0926640926640927
1770,TH508,21,1,0.0788177339901478
1771,TH508,22,1,0.1698595146871008
1772,TH508,23,1,-0.17129629629629628
1773,TH508,24,1,0.20833333333333337
1774,TH508,25,1,-0.05555555555555558
1775,TH508,26,1,-0.05555555555555558
1776,TH508,27,1,0.11111111111111116
1777,TH508,28,1,-0.09090909090909094
1778,TH508,29,1,-0.21212121212121204
1779,TH508,30,1,0.11784511784511775
1780,TH508,31,1,0.06018518518518523
1781,TH508,32,1,-0.017857142857142905
1782,TH508,33,1,-0.1071428571428571
1783,TH508,34,1,0.16666666666666663
1784,TH508,35,1,0.044871794871794934
1785,TH508,36,1,0.038461538461538436
1786,TH508,37,1,0.0
1787,TH508,38,1,0.0
1788,TH508,1,2,0.0
1789,TH508,2,2,0.25
1790,TH508,3,2,-0.005319148936170248
1791,TH508,4,2,-0.003940110323089052
1792,TH508,5,2,-0.14074074074074072
1793,TH508,6,2,0.2205128205128205
1794,TH508,7,2,-0.1794871794871794
1795,TH508,8,2,0.05462653288740238
1796,TH508,9,2,-0.02898550724637683
1797,TH508,10,2,0.0
1798,TH508,11,2,0.13333333333333341
1799,TH508,12,2,0.033333333333333326
1800,TH508,13,2,-0.011904761904761973
1801,TH508,14,2,0.0035714285714285587
1802,TH508,15,2,-0.030882352941176472
1803,TH508,16,2,0.1470588235294118
1804,TH508,17,2,-0.010141987829614618
1805,TH508,18,2,-0.10750507099391482
1806,TH508,19,2,-0.23093681917211328
1807,TH508,20,2,0.15740740740740744
1808,TH508,21,2,-0.23275862068965514
1809,TH508,22,2,-0.017241379310344862
1810,TH508,23,2,0.2931034482758621
1811,TH508,24,2,-0.0743534482758621
1812,TH508,25,2,-0.09806034482758619
1813,TH508,26,2,-0.08222811671087538
1814,TH508,27,2,-0.12669683257918551
1815,TH508,28,2,0.31550802139037437
1816,TH508,29,2,0.03743315508021383
1817,TH508,30,2,0.013071895424836666
1818,TH508,31,2,0.09722222222222221
1819,TH508,32,2,-0.23863636363636365
1820,TH508,33,2,0.059288537549407105
1821,TH508,34,2,-0.11231884057971009
1822,TH508,35,2,0.19444444444444442
1823,TH508,36,2,0.05555555555555558
1824,TH508,37,2,-0.04022988505747127
1825,TH508,38,2,0.0
1826,TH508,17,3,-0.013513513513513487
1827,TH508,18,3,0.2992277992277992
1828,TH508,19,3,0.03007518796992481
1829,TH508,20,3,0.012781954887218117
1830,TH508,21,3,-0.05934065934065935
1831,TH508,22,3,-0.09065934065934067
1832,TH508,23,3,0.062169312169312096
1833,TH508,24,3,0.12132822477650063
1834,TH508,25,3,-0.3136818687430478
1835,TH508,26,3,0.22939068100358428
1836,TH508,27,3,-0.16239316239316237
1837,TH508,28,3,0.2541806020066889
1838,TH508,29,3,0.012787723785166238
1839,TH508,30,3,-0.326797385620915
1840,TH508,31,3,0.19444444444444442
1841,TH508,32,3,-0.29545454545454547
1842,TH508,33,3,0.023715415019762875
1843,TH508,34,3,0.4347826086956521
1844,TH508,35,3,0.04849498327759205
1845,TH508,36,3,-0.29487179487179493
1846,TH508,37,3,0.07526881720430112
1847,TH508,38,3,0.1469534050179211
1848,TH508,22,4,0.09459459459459463
1849,TH508,23,4,0.13267813267813267
1850,TH508,24,4,0.06060606060606055
1851,TH508,25,4,0.21212121212121215
1852,TH508,26,4,-0.09090909090909094
1853,TH508,27,4,-0.37575757575757573
1854,TH508,28,4,0.11884057971014494
1855,TH508,29,4,0.16600790513833996
1856,TH508,30,4,-0.0033670033670034627
1857,TH508,31,4,-0.3862433862433862
1858,TH508,32,4,0.4805194805194805
1859,TH508,33,4,-0.19480519480519476
1860,TH508,34,4,0.0357142857142857
1861,TH508,35,4,0.02777777777777779
1862,TH508,36,4,-0.06944444444444442
1863,TH508,37,4,0.09166666666666667
1864,TH508,38,4,0.021428571428571352
1865,TH510,1,1,0.1785714285714286
1866,TH510,2,1,0.3214285714285714
1867,TH510,3,1,-0.023809523809523836
1868,TH510,4,1,0.023809523809523836
1869,TH510,5,1,0.0
1870,TH510,6,1,0.0
1871,TH510,7,1,-0.05128205128205132
1872,TH510,8,1,0.01902398676592232
1873,TH510,9,1,-0.05345622119815674
1874,TH510,1,2,0.033333333333333326
1875,TH510,2,2,0.019858156028368823
1876,TH510,3,2,0.15051221434200157
1877,TH510,4,2,0.061002178649237404
1878,TH510,5,2,0.08144796380090502
1879,TH510,6,2,0.042735042735042694
1880,TH510,7,2,-0.14379084967320255
1881,TH510,8,2,0.044375644994840036
1882,TH510,9,2,0.15170278637770895
1883,TH510,6,3,0.33333333333333337
1884,TH510,7,3,0.0934959349593496
1885,TH510,8,3,0.0398373983739837
1886,TH510,9,3,0.033333333333333326
1887,TH510,8,4,0.32499999999999996
1888,TH510,9,4,0.14274193548387104
1889,TH605,1,1,0.2222222222222222
1890,TH605,2,1,0.21111111111111114
1891,TH605,3,1,0.036363636363636376
1892,TH605,4,1,-0.06493506493506496
1893,TH605,5,1,0.09523809523809523
1894,TH605,6,1,-0.040000000000000036
1895,TH605,7,1,-0.06344827586206891
1896,TH605,8,1,0.06178160919540232
1897,TH605,9,1,0.04166666666666663
1898,TH605,10,1,0.0
1899,TH605,11,1,0.0
1900,TH605,12,1,-0.07692307692307687
1901,TH605,13,1,-0.158371040723982
1902,TH605,14,1,0.14005602240896364
1903,TH605,15,1,-0.035196687370600444
1904,TH605,16,1,0.053511705685618804
1905,TH605,17,1,0.03344481605351168
1906,TH605,18,1,-0.07652173913043481
1907,TH605,19,1,0.06999999999999995
1908,TH605,20,1,-0.04999999999999993
1909,TH605,21,1,0.09999999999999998
1910,TH605,22,1,0.0
1911,TH605,23,1,0.0
1912,TH605,24,1,-0.052631578947368474
1913,TH605,25,1,-0.06736842105263152
1914,TH605,26,1,-0.1392592592592593
1915,TH605,27,1,0.0092592592592593
1916,TH605,28,1,0.13888888888888884
1917,TH605,29,1,0.11111111111111116
1918,TH605,1,2,0.23684210526315785
1919,TH605,2,2,-0.05263157894736836
1920,TH605,3,2,0.03373819163292846
1921,TH605,4,2,0.1282051282051282
1922,TH605,5,2,-0.08615384615384614
1923,TH605,6,2,0.0476923076923077
1924,TH605,7,2,-0.04102564102564099
1925,TH605,8,2,0.23333333333333328
1926,TH605,9,2,-0.1785714285714286
1927,TH605,10,2,0.02472527472527475
1928,TH605,11,2,-0.033653846153846145
1929,TH605,12,2,-0.10661764705882348
1930,TH605,13,2,-0.005882352941176561
1931,TH605,14,2,0.15714285714285714
1932,TH605,15,2,-0.26623376623376616
1933,TH605,16,2,0.13322884012539182
1934,TH605,17,2,0.048589341692789945
1935,TH605,18,2,0.10227272727272729
1936,TH605,19,2,-0.017857142857142905
1937,TH605,20,2,0.09523809523809523
1938,TH605,21,2,-0.08874458874458868
1939,TH605,22,2,-0.8636363636363636
1940,TH605,23,2,1.0
1941,TH605,24,2,-0.050000000000000044
1942,TH605,25,2,-0.19999999999999996
1943,TH605,26,2,0.18333333333333335
1944,TH605,27,2,0.06666666666666665
1945,TH605,28,2,-0.04166666666666663
1946,TH605,29,2,-0.01715686274509809
1947,TH605,6,3,-0.011627906976744207
1948,TH605,7,3,0.19734219269102993
1949,TH605,8,3,0.141871921182266
1950,TH605,9,3,-0.041871921182266014
1951,TH605,10,3,-0.08874458874458868
1952,TH605,11,3,0.2261072261072261
1953,TH605,12,3,-0.35164835164835173
1954,TH605,13,3,-0.0714285714285714
1955,TH605,14,3,0.07692307692307687
1956,TH605,15,3,0.023076923076923106
1957,TH605,16,3,0.04285714285714293
1958,TH605,17,3,0.1785714285714285
1959,TH605,18,3,0.011904761904761973
1960,TH605,19,3,-0.023809523809523836
1961,TH605,20,3,0.030476190476190435
1962,TH605,21,3,-0.24
1963,TH605,22,3,0.06666666666666665
1964,TH605,23,3,0.19047619047619047
1965,TH605,24,3,-0.1648351648351648
1966,TH605,25,3,0.16880341880341887
1967,TH605,26,3,-0.2749042145593871
1968,TH605,27,3,0.17379310344827592
1969,TH605,28,3,0.0476923076923077
1970,TH605,29,3,0.14230769230769225
1971,TH605,10,4,0.025000000000000022
1972,TH605,11,4,0.15921052631578947
1973,TH605,12,4,-0.08421052631578951
1974,TH605,13,4,0.13684210526315788
1975,TH605,14,4,0.013157894736842146
1976,TH605,15,4,-0.1785714285714286
1977,TH605,16,4,0.18719211822660098
1978,TH605,17,4,0.15047021943573669
1979,TH605,18,4,-0.11742424242424243
1980,TH605,19,4,0.06547619047619047
1981,TH605,20,4,-0.07453416149068315
1982,TH605,21,4,-0.10403726708074534
1983,TH605,22,4,0.23809523809523803
1984,TH605,23,4,-0.17982456140350878
1985,TH605,24,4,0.16315789473684217
1986,TH605,25,4,-0.10689655172413792
1987,TH605,26,4,-0.12643678160919547
1988,TH605,27,4,0.1515151515151516
1989,TH605,28,4,0.06643356643356635
1990,TH605,29,4,0.0565610859728507
1991,TH608,1,1,0.3571428571428571
1992,TH608,2,1,0.1428571428571429
1993,TH608,4,1,0.0
1994,TH608,5,1,-0.21052631578947367
1995,TH608,6,1,0.21052631578947367
1996,TH608,7,1,0.0
1997,TH608,8,1,0.0
1998,TH608,9,1,-0.07692307692307687
1999,TH608,10,1,0.07692307692307687
2000,TH608,11,1,0.0
2001,TH608,12,1,-0.05882352941176472
2002,TH608,13,1,0.05882352941176472
2003,TH608,14,1,0.0
2004,TH608,15,1,0.0
2005,TH608,16,1,0.0
2006,TH608,17,1,-0.0625
2007,TH608,18,1,0.0625
2008,TH608,19,1,0.0
2009,TH608,20,1,0.0
2010,TH608,21,1,-0.10526315789473684
2011,TH608,22,1,0.10526315789473684
2012,TH608,23,1,0.0
2013,TH608,24,1,0.0
2014,TH608,25,1,0.0
2015,TH608,26,1,0.0
2016,TH608,27,1,0.0
2017,TH608,28,1,0.0
2018,TH608,29,1,0.0
2019,TH608,30,1,0.0
2020,TH608,31,1,0.0
2021,TH608,32,1,0.0
2022,TH608,33,1,0.0
2023,TH608,34,1,0.0
2024,TH608,35,1,0.0
2025,TH608,36,1,-0.09090909090909094
2026,TH608,1,2,0.375
2027,TH608,2,2,0.01388888888888884
2028,TH608,4,2,0.03418803418803429
2029,TH608,5,2,-0.040723981900452566
2030,TH608,6,2,0.05882352941176472
2031,TH608,7,2,-0.03208556149732622
2032,TH608,8,2,-0.02020202020202022
2033,TH608,9,2,-0.042735042735042694
2034,TH608,10,2,-0.1505016722408027
2035,TH608,11,2,0.10434782608695659
2036,TH608,12,2,0.04999999999999993
2037,TH608,13,2,0.10454545454545461
2038,TH608,14,2,-0.10454545454545461
2039,TH608,15,2,-0.15434782608695652
2040,TH608,16,2,0.03768115942028982
2041,TH608,17,2,-0.06666666666666665
2042,TH608,18,2,0.29761904761904767
2043,TH608,19,2,-0.0892857142857143
2044,TH608,20,2,0.01388888888888884
2045,TH608,21,2,-0.36257309941520466
2046,TH608,22,2,-0.07631578947368417
2047,TH608,23,2,0.4287878787878788
2048,TH608,24,2,-0.07878787878787874
2049,TH608,25,2,0.096551724137931
2050,TH608,26,2,-0.20905172413793105
2051,TH608,27,2,0.1696428571428571
2052,TH608,28,2,-0.064039408866995
2053,TH608,29,2,-0.010494752623688153
2054,TH608,30,2,0.0031055900621117516
2055,TH608,31,2,0.17582417582417587
2056,TH608,32,2,-0.09487179487179487
2057,TH608,33,2,-0.04313725490196085
2058,TH608,34,2,-0.011029411764705843
2059,TH608,35,2,-0.0625
2060,TH608,36,2,-0.09782608695652173
2061,TH608,4,3,-0.1774193548387097
2062,TH608,5,3,0.3440860215053763
2063,TH608,6,3,-0.20238095238095233
2064,TH608,7,3,0.02056277056277056
2065,TH608,8,3,0.1048951048951049
2066,TH608,9,3,0.23882783882783887
2067,TH608,10,3,-0.161904761904762
2068,TH608,11,3,-0.03703703703703698
2069,TH608,12,3,0.13037037037037036
2070,TH608,13,3,0.009230769230769265
2071,TH608,14,3,0.008547008547008517
2072,TH608,15,3,-0.06349206349206349
2073,TH608,16,3,-0.12605042016806722
2074,TH608,17,3,-0.028235294117647025
2075,TH608,18,3,-0.017142857142857237
2076,TH608,19,3,0.2238095238095239
2077,TH608,20,3,-0.33188405797101456
2078,TH608,21,3,0.20807453416149074
2079,TH608,22,3,0.11904761904761896
2080,TH608,23,3,-0.2882205513784461
2081,TH608,24,3,-0.14035087719298245
2082,TH608,25,3,0.24806201550387602
2083,TH608,26,3,0.17618040873854823
2084,TH608,27,3,0.04887585532746819
2085,TH608,28,3,-0.20645161290322578
2086,TH608,29,3,0.12
2087,TH608,30,3,0.08000000000000007
2088,TH608,31,3,-0.20000000000000007
2089,TH608,32,3,-0.054545454545454564
2090,TH608,33,3,0.03146853146853146
2091,TH608,34,3,0.12895927601809964
2092,TH608,35,3,-0.011437908496732097
2093,TH608,36,3,-0.2944444444444444
2094,TH608,15,4,-0.051724137931034475
2095,TH608,16,4,0.10727969348659006
2096,TH608,17,4,0.23611111111111105
2097,TH608,18,4,0.017857142857142905
2098,TH608,19,4,-0.10952380952380958
2099,TH608,20,4,0.2090909090909091
2100,TH608,21,4,-0.05909090909090908
2101,TH608,22,4,-0.19999999999999996
2102,TH608,23,4,0.2730769230769231
2103,TH608,24,4,0.02136752136752129
2104,TH608,25,4,0.007936507936507908
2105,TH608,26,4,-0.6190476190476191
2106,TH608,27,4,0.34848484848484845
2107,TH608,28,4,0.17532467532467533
2108,TH608,29,4,0.09285714285714286
2109,TH608,30,4,-0.09285714285714286
2110,TH608,31,4,-0.042328042328042326
2111,TH608,32,4,0.008714596949891074
2112,TH608,33,4,0.05882352941176472
2113,TH608,34,4,-0.06985294117647056
2114,TH608,35,4,0.011029411764705843
2115,TH608,36,4,0.13101604278074874
