,rat,day,trial_type,total_trials,correct_trials
0,BP06,12,1,9.0,9.0
1,BP06,12,2,6.0,5.0
2,BP06,12,3,7.0,5.0
3,BP06,12,4,5.0,4.0
4,BP06,15,1,11.0,11.0
5,BP06,15,2,15.0,13.0
6,BP06,15,3,22.0,10.0
7,BP06,15,4,12.0,10.0
8,BP06,15,5,24.0,9.0
9,BP06,14,1,19.0,19.0
10,BP06,14,2,23.0,18.0
11,BP06,14,3,22.0,18.0
12,BP06,14,4,22.0,19.0
13,BP06,13,1,14.0,13.0
14,BP06,13,2,17.0,16.0
15,BP06,13,3,21.0,13.0
16,BP06,13,4,23.0,14.0
17,BP06,22,1,14.0,14.0
18,BP06,22,2,13.0,12.0
19,BP06,22,3,13.0,12.0
20,BP06,22,4,16.0,12.0
21,BP06,22,5,14.0,11.0
22,BP06,7,1,20.0,19.0
23,BP06,7,2,12.0,9.0
24,BP06,9,1,15.0,14.0
25,BP06,9,2,18.0,14.0
26,BP06,9,3,22.0,13.0
27,BP06,8,1,14.0,14.0
28,BP06,8,2,13.0,12.0
29,BP06,18,4,1.0,0.0
30,BP06,18,5,1.0,1.0
31,BP06,20,1,12.0,12.0
32,BP06,20,2,15.0,12.0
33,BP06,20,3,12.0,9.0
34,BP06,20,4,12.0,10.0
35,BP06,20,5,13.0,9.0
36,BP06,16,1,10.0,10.0
37,BP06,16,2,12.0,11.0
38,BP06,16,3,21.0,8.0
39,BP06,16,4,13.0,10.0
40,BP06,16,5,20.0,10.0
41,BP06,11,1,11.0,10.0
42,BP06,11,2,10.0,10.0
43,BP06,11,3,10.0,10.0
44,BP06,11,4,17.0,12.0
45,BP06,10,1,12.0,12.0
46,BP06,10,2,14.0,12.0
47,BP06,10,3,20.0,16.0
48,BP06,17,1,13.0,12.0
49,BP06,17,2,19.0,15.0
50,BP06,17,3,16.0,12.0
51,BP06,17,4,15.0,12.0
52,BP06,17,5,19.0,12.0
53,BP06,21,1,13.0,13.0
54,BP06,21,2,12.0,10.0
55,BP06,21,3,12.0,10.0
56,BP06,21,4,14.0,12.0
57,BP06,21,5,14.0,12.0
58,BP06,19,1,15.0,14.0
59,BP06,19,2,16.0,13.0
60,BP06,19,3,15.0,15.0
61,BP06,19,4,17.0,12.0
62,BP06,19,5,16.0,12.0
63,BP08,31,1,11.0,11.0
64,BP08,31,2,16.0,10.0
65,BP08,31,3,14.0,10.0
66,BP08,31,4,14.0,12.0
67,BP08,31,5,16.0,10.0
68,BP08,36,1,6.0,6.0
69,BP08,36,2,7.0,7.0
70,BP08,36,3,7.0,7.0
71,BP08,37,1,19.0,19.0
72,BP08,37,2,19.0,16.0
73,BP08,37,3,21.0,17.0
74,BP08,37,4,22.0,19.0
75,BP08,30,1,1.0,1.0
76,BP08,30,2,3.0,3.0
77,BP08,30,3,5.0,4.0
78,BP08,30,4,2.0,1.0
79,BP08,30,5,4.0,1.0
80,BP08,39,1,22.0,22.0
81,BP08,39,2,20.0,20.0
82,BP08,39,3,27.0,23.0
83,BP08,39,4,23.0,19.0
84,BP08,39,5,22.0,20.0
85,BP08,4,1,37.0,35.0
86,BP08,4,2,47.0,38.0
87,BP08,3,1,34.0,27.0
88,BP08,3,2,39.0,30.0
89,BP08,2,1,38.0,31.0
90,BP08,2,2,55.0,32.0
91,BP08,5,1,23.0,23.0
92,BP08,5,2,25.0,21.0
93,BP08,5,3,41.0,21.0
94,BP08,41,1,16.0,15.0
95,BP08,41,2,22.0,14.0
96,BP08,41,3,25.0,14.0
97,BP08,41,4,23.0,13.0
98,BP08,41,5,16.0,13.0
99,BP08,46,1,25.0,25.0
100,BP08,46,2,30.0,24.0
101,BP08,46,3,38.0,27.0
102,BP08,46,4,36.0,24.0
103,BP08,46,5,28.0,26.0
104,BP08,48,1,26.0,26.0
105,BP08,48,2,34.0,27.0
106,BP08,48,3,32.0,25.0
107,BP08,48,4,30.0,25.0
108,BP08,48,5,32.0,27.0
109,BP08,23,1,25.0,25.0
110,BP08,23,2,31.0,24.0
111,BP08,23,3,29.0,23.0
112,BP08,23,4,30.0,24.0
113,BP08,23,5,25.0,22.0
114,BP08,24,1,21.0,21.0
115,BP08,24,2,27.0,21.0
116,BP08,24,3,36.0,21.0
117,BP08,24,4,24.0,24.0
118,BP08,24,5,23.0,21.0
119,BP08,12,1,27.0,26.0
120,BP08,12,2,32.0,22.0
121,BP08,12,3,33.0,24.0
122,BP08,12,4,27.0,24.0
123,BP08,15,1,31.0,31.0
124,BP08,15,2,33.0,29.0
125,BP08,15,3,46.0,31.0
126,BP08,15,4,32.0,32.0
127,BP08,49,1,20.0,20.0
128,BP08,49,2,25.0,23.0
129,BP08,49,3,21.0,20.0
130,BP08,49,4,21.0,21.0
131,BP08,49,5,21.0,20.0
132,BP08,47,1,41.0,34.0
133,BP08,47,2,48.0,29.0
134,BP08,47,3,46.0,31.0
135,BP08,47,4,37.0,30.0
136,BP08,47,5,30.0,28.0
137,BP08,40,1,12.0,10.0
138,BP08,40,2,16.0,12.0
139,BP08,40,3,13.0,10.0
140,BP08,40,4,10.0,9.0
141,BP08,40,5,18.0,10.0
142,BP08,14,1,32.0,31.0
143,BP08,14,2,39.0,31.0
144,BP08,14,3,40.0,28.0
145,BP08,14,4,32.0,32.0
146,BP08,13,1,37.0,36.0
147,BP08,13,2,42.0,32.0
148,BP08,13,3,43.0,33.0
149,BP08,13,4,37.0,33.0
150,BP08,25,1,20.0,20.0
151,BP08,25,2,22.0,17.0
152,BP08,25,3,26.0,17.0
153,BP08,25,4,21.0,17.0
154,BP08,25,5,23.0,17.0
155,BP08,22,1,24.0,24.0
156,BP08,22,2,35.0,24.0
157,BP08,22,3,40.0,27.0
158,BP08,22,4,33.0,24.0
159,BP08,22,5,26.0,24.0
160,BP08,50,1,31.0,31.0
161,BP08,50,2,36.0,32.0
162,BP08,50,3,35.0,30.0
163,BP08,50,4,32.0,32.0
164,BP08,50,5,33.0,33.0
165,BP08,35,1,19.0,19.0
166,BP08,35,2,26.0,22.0
167,BP08,35,3,23.0,19.0
168,BP08,32,1,10.0,10.0
169,BP08,32,2,16.0,10.0
170,BP08,32,3,18.0,10.0
171,BP08,32,4,14.0,13.0
172,BP08,32,5,12.0,11.0
173,BP08,33,1,10.0,9.0
174,BP08,33,2,13.0,9.0
175,BP08,33,3,20.0,8.0
176,BP08,33,4,13.0,9.0
177,BP08,33,5,13.0,11.0
178,BP08,34,1,20.0,20.0
179,BP08,34,2,23.0,21.0
180,BP08,34,3,30.0,21.0
181,BP08,7,1,12.0,11.0
182,BP08,7,2,17.0,14.0
183,BP08,7,3,17.0,12.0
184,BP08,9,1,21.0,21.0
185,BP08,9,2,23.0,23.0
186,BP08,9,3,31.0,21.0
187,BP08,9,4,31.0,22.0
188,BP08,8,1,22.0,20.0
189,BP08,8,2,26.0,20.0
190,BP08,8,3,25.0,17.0
191,BP08,8,4,32.0,19.0
192,BP08,6,1,25.0,25.0
193,BP08,6,2,31.0,25.0
194,BP08,6,3,36.0,26.0
195,BP08,1,1,35.0,20.0
196,BP08,1,2,52.0,24.0
197,BP08,27,1,24.0,24.0
198,BP08,27,2,27.0,21.0
199,BP08,27,3,32.0,21.0
200,BP08,27,4,24.0,21.0
201,BP08,27,5,22.0,21.0
202,BP08,18,1,22.0,22.0
203,BP08,18,2,25.0,23.0
204,BP08,18,3,28.0,21.0
205,BP08,18,4,24.0,24.0
206,BP08,18,5,30.0,25.0
207,BP08,20,1,27.0,24.0
208,BP08,20,2,29.0,25.0
209,BP08,20,3,31.0,24.0
210,BP08,20,4,37.0,24.0
211,BP08,20,5,34.0,27.0
212,BP08,16,1,26.0,26.0
213,BP08,16,2,29.0,28.0
214,BP08,16,3,38.0,29.0
215,BP08,16,4,26.0,26.0
216,BP08,29,1,21.0,21.0
217,BP08,29,2,28.0,23.0
218,BP08,29,3,34.0,23.0
219,BP08,29,4,34.0,20.0
220,BP08,29,5,24.0,22.0
221,BP08,11,1,24.0,24.0
222,BP08,11,2,35.0,27.0
223,BP08,11,3,45.0,24.0
224,BP08,11,4,30.0,23.0
225,BP08,45,1,25.0,24.0
226,BP08,45,2,33.0,26.0
227,BP08,45,3,36.0,26.0
228,BP08,45,4,32.0,25.0
229,BP08,45,5,27.0,27.0
230,BP08,42,1,26.0,25.0
231,BP08,42,2,26.0,23.0
232,BP08,42,3,35.0,23.0
233,BP08,42,4,27.0,25.0
234,BP08,42,5,25.0,23.0
235,BP08,10,1,24.0,24.0
236,BP08,10,2,29.0,21.0
237,BP08,10,3,29.0,21.0
238,BP08,10,4,30.0,23.0
239,BP08,17,1,23.0,23.0
240,BP08,17,2,28.0,25.0
241,BP08,17,3,38.0,22.0
242,BP08,17,4,23.0,23.0
243,BP08,17,5,33.0,23.0
244,BP08,28,1,31.0,29.0
245,BP08,28,2,30.0,28.0
246,BP08,28,3,40.0,27.0
247,BP08,28,4,29.0,27.0
248,BP08,28,5,30.0,28.0
249,BP08,21,1,23.0,22.0
250,BP08,21,2,23.0,19.0
251,BP08,21,3,30.0,19.0
252,BP08,21,4,20.0,18.0
253,BP08,21,5,19.0,18.0
254,BP08,26,1,26.0,26.0
255,BP08,26,2,27.0,25.0
256,BP08,26,3,35.0,25.0
257,BP08,26,4,33.0,29.0
258,BP08,26,5,28.0,25.0
259,BP08,19,1,22.0,21.0
260,BP08,19,2,22.0,18.0
261,BP08,19,3,28.0,22.0
262,BP08,19,4,19.0,19.0
263,BP08,19,5,22.0,19.0
264,BP08,44,1,29.0,27.0
265,BP08,44,2,36.0,28.0
266,BP08,44,3,44.0,26.0
267,BP08,44,4,32.0,26.0
268,BP08,44,5,28.0,25.0
269,BP09,38,1,30.0,27.0
270,BP09,38,2,27.0,24.0
271,BP09,38,3,30.0,24.0
272,BP09,38,4,30.0,23.0
273,BP09,31,1,14.0,14.0
274,BP09,31,2,18.0,17.0
275,BP09,31,3,19.0,15.0
276,BP09,36,1,26.0,25.0
277,BP09,36,2,28.0,25.0
278,BP09,36,3,30.0,24.0
279,BP09,36,4,37.0,28.0
280,BP09,37,1,21.0,21.0
281,BP09,37,2,21.0,21.0
282,BP09,37,3,25.0,20.0
283,BP09,37,4,25.0,21.0
284,BP09,30,1,15.0,13.0
285,BP09,30,2,13.0,11.0
286,BP09,30,3,19.0,12.0
287,BP09,4,1,34.0,34.0
288,BP09,4,2,36.0,36.0
289,BP09,4,3,37.0,37.0
290,BP09,3,1,44.0,43.0
291,BP09,3,2,43.0,41.0
292,BP09,3,3,43.0,43.0
293,BP09,2,1,55.0,54.0
294,BP09,2,2,54.0,52.0
295,BP09,5,1,30.0,30.0
296,BP09,5,2,31.0,31.0
297,BP09,5,3,32.0,31.0
298,BP09,5,4,55.0,30.0
299,BP09,23,1,9.0,7.0
300,BP09,23,2,10.0,6.0
301,BP09,24,1,7.0,7.0
302,BP09,24,2,8.0,3.0
303,BP09,12,1,28.0,26.0
304,BP09,12,2,24.0,23.0
305,BP09,12,3,44.0,23.0
306,BP09,12,4,43.0,23.0
307,BP09,12,5,24.0,24.0
308,BP09,15,1,14.0,14.0
309,BP09,15,2,14.0,14.0
310,BP09,15,3,34.0,27.0
311,BP09,15,4,34.0,17.0
312,BP09,15,5,14.0,14.0
313,BP09,14,1,13.0,13.0
314,BP09,14,2,12.0,12.0
315,BP09,14,3,32.0,23.0
316,BP09,14,4,32.0,24.0
317,BP09,14,5,12.0,12.0
318,BP09,13,1,25.0,25.0
319,BP09,13,2,27.0,22.0
320,BP09,13,3,34.0,21.0
321,BP09,13,4,33.0,21.0
322,BP09,13,5,22.0,22.0
323,BP09,25,1,14.0,12.0
324,BP09,25,2,12.0,8.0
325,BP09,22,3,5.0,5.0
326,BP09,22,4,7.0,4.0
327,BP09,35,1,23.0,23.0
328,BP09,35,2,27.0,23.0
329,BP09,35,3,25.0,22.0
330,BP09,35,4,35.0,20.0
331,BP09,32,1,27.0,25.0
332,BP09,32,2,22.0,22.0
333,BP09,32,3,23.0,23.0
334,BP09,33,1,30.0,26.0
335,BP09,33,2,31.0,26.0
336,BP09,33,3,35.0,28.0
337,BP09,34,1,30.0,30.0
338,BP09,34,2,34.0,32.0
339,BP09,34,3,38.0,33.0
340,BP09,7,1,36.0,36.0
341,BP09,7,2,33.0,33.0
342,BP09,7,3,43.0,34.0
343,BP09,7,4,46.0,34.0
344,BP09,9,1,24.0,24.0
345,BP09,9,2,21.0,21.0
346,BP09,9,3,44.0,22.0
347,BP09,9,4,45.0,21.0
348,BP09,9,5,23.0,23.0
349,BP09,8,1,24.0,23.0
350,BP09,8,2,22.0,21.0
351,BP09,8,3,30.0,22.0
352,BP09,8,4,40.0,21.0
353,BP09,8,5,25.0,25.0
354,BP09,6,1,33.0,33.0
355,BP09,6,2,35.0,35.0
356,BP09,6,3,41.0,31.0
357,BP09,6,4,44.0,33.0
358,BP09,1,1,37.0,36.0
359,BP09,1,2,50.0,37.0
360,BP09,27,1,14.0,11.0
361,BP09,27,2,14.0,12.0
362,BP09,18,1,19.0,19.0
363,BP09,18,2,20.0,20.0
364,BP09,18,3,40.0,31.0
365,BP09,18,4,40.0,20.0
366,BP09,18,5,20.0,20.0
367,BP09,20,3,5.0,4.0
368,BP09,20,4,19.0,14.0
369,BP09,16,1,19.0,18.0
370,BP09,16,2,20.0,20.0
371,BP09,16,3,40.0,29.0
372,BP09,16,4,39.0,34.0
373,BP09,16,5,20.0,20.0
374,BP09,29,1,15.0,15.0
375,BP09,29,2,14.0,14.0
376,BP09,11,1,25.0,25.0
377,BP09,11,2,27.0,26.0
378,BP09,11,3,37.0,23.0
379,BP09,11,4,37.0,23.0
380,BP09,11,5,24.0,24.0
381,BP09,10,1,27.0,27.0
382,BP09,10,2,24.0,24.0
383,BP09,10,3,38.0,25.0
384,BP09,10,4,40.0,24.0
385,BP09,10,5,25.0,24.0
386,BP09,17,1,22.0,22.0
387,BP09,17,2,22.0,22.0
388,BP09,17,3,42.0,33.0
389,BP09,17,4,42.0,25.0
390,BP09,17,5,22.0,22.0
391,BP09,28,1,16.0,14.0
392,BP09,28,2,16.0,13.0
393,BP09,21,3,5.0,4.0
394,BP09,21,4,11.0,5.0
395,BP09,26,1,3.0,3.0
396,BP09,26,2,6.0,4.0
397,BP09,19,1,11.0,11.0
398,BP09,19,2,11.0,10.0
399,BP09,19,3,23.0,16.0
400,BP09,19,4,47.0,25.0
401,BP09,19,5,23.0,23.0
402,BP07,4,1,30.0,30.0
403,BP07,4,2,32.0,31.0
404,BP07,3,1,24.0,24.0
405,BP07,3,2,26.0,20.0
406,BP07,2,1,14.0,13.0
407,BP07,2,2,17.0,11.0
408,BP07,5,1,23.0,22.0
409,BP07,5,2,23.0,22.0
410,BP07,5,3,36.0,24.0
411,BP07,23,1,10.0,10.0
412,BP07,23,2,7.0,7.0
413,BP07,23,3,8.0,7.0
414,BP07,23,4,11.0,10.0
415,BP07,23,5,8.0,8.0
416,BP07,24,1,15.0,15.0
417,BP07,24,2,16.0,16.0
418,BP07,24,3,17.0,15.0
419,BP07,24,4,18.0,16.0
420,BP07,24,5,15.0,15.0
421,BP07,12,1,17.0,17.0
422,BP07,12,2,24.0,17.0
423,BP07,12,3,15.0,15.0
424,BP07,12,4,22.0,16.0
425,BP07,14,1,31.0,22.0
426,BP07,14,2,23.0,21.0
427,BP07,14,3,23.0,22.0
428,BP07,14,4,23.0,22.0
429,BP07,13,1,26.0,26.0
430,BP07,13,2,26.0,23.0
431,BP07,13,3,24.0,23.0
432,BP07,13,4,31.0,22.0
433,BP07,25,1,18.0,17.0
434,BP07,25,2,17.0,17.0
435,BP07,25,3,18.0,14.0
436,BP07,25,4,19.0,15.0
437,BP07,25,5,15.0,15.0
438,BP07,22,1,16.0,16.0
439,BP07,22,2,17.0,16.0
440,BP07,22,3,16.0,15.0
441,BP07,22,4,17.0,15.0
442,BP07,22,5,19.0,16.0
443,BP07,7,1,30.0,29.0
444,BP07,7,2,38.0,29.0
445,BP07,7,3,37.0,30.0
446,BP07,9,1,8.0,8.0
447,BP07,9,2,12.0,12.0
448,BP07,8,1,35.0,26.0
449,BP07,8,2,33.0,25.0
450,BP07,8,3,33.0,24.0
451,BP07,6,1,20.0,20.0
452,BP07,6,2,27.0,20.0
453,BP07,6,3,26.0,18.0
454,BP07,1,1,6.0,5.0
455,BP07,1,2,4.0,2.0
456,BP07,27,1,18.0,18.0
457,BP07,27,2,15.0,15.0
458,BP07,27,3,16.0,15.0
459,BP07,27,4,14.0,14.0
460,BP07,27,5,14.0,14.0
461,BP07,18,1,14.0,14.0
462,BP07,18,2,14.0,14.0
463,BP07,18,3,19.0,17.0
464,BP07,18,4,15.0,15.0
465,BP07,18,5,15.0,14.0
466,BP07,20,1,15.0,15.0
467,BP07,20,2,15.0,15.0
468,BP07,20,3,17.0,15.0
469,BP07,20,4,15.0,15.0
470,BP07,20,5,18.0,18.0
471,BP07,16,1,23.0,23.0
472,BP07,16,2,31.0,25.0
473,BP07,16,3,28.0,23.0
474,BP07,16,4,28.0,23.0
475,BP07,16,5,28.0,26.0
476,BP07,11,1,35.0,35.0
477,BP07,11,2,40.0,34.0
478,BP07,11,3,38.0,37.0
479,BP07,10,1,34.0,32.0
480,BP07,10,2,35.0,30.0
481,BP07,10,3,35.0,30.0
482,BP07,17,1,21.0,21.0
483,BP07,17,2,25.0,22.0
484,BP07,17,3,22.0,21.0
485,BP07,17,4,22.0,21.0
486,BP07,17,5,27.0,24.0
487,BP07,28,1,2.0,2.0
488,BP07,28,2,2.0,2.0
489,BP07,28,3,5.0,5.0
490,BP07,28,4,4.0,3.0
491,BP07,28,5,4.0,2.0
492,BP07,21,1,15.0,14.0
493,BP07,21,2,16.0,16.0
494,BP07,21,3,14.0,14.0
495,BP07,21,4,15.0,14.0
496,BP07,21,5,17.0,17.0
497,BP07,26,1,15.0,15.0
498,BP07,26,2,16.0,16.0
499,BP07,26,3,16.0,16.0
500,BP07,26,4,16.0,16.0
501,BP07,26,5,17.0,17.0
502,BP07,19,1,16.0,16.0
503,BP07,19,2,15.0,15.0
504,BP07,19,3,19.0,14.0
505,BP07,19,4,18.0,17.0
506,BP07,19,5,14.0,14.0
507,TH605,4,1,21.0,19.0
508,TH605,4,2,26.0,22.0
509,TH605,3,1,33.0,32.0
510,TH605,3,2,39.0,28.0
511,TH605,2,1,15.0,14.0
512,TH605,2,2,19.0,13.0
513,TH605,5,1,23.0,23.0
514,TH605,5,2,25.0,19.0
515,TH605,23,1,21.0,21.0
516,TH605,23,2,28.0,28.0
517,TH605,23,3,28.0,24.0
518,TH605,23,4,19.0,14.0
519,TH605,24,1,19.0,18.0
520,TH605,24,2,20.0,19.0
521,TH605,24,3,26.0,18.0
522,TH605,24,4,30.0,27.0
523,TH605,12,1,13.0,12.0
524,TH605,12,2,17.0,12.0
525,TH605,12,3,21.0,12.0
526,TH605,12,4,25.0,15.0
527,TH605,15,1,23.0,20.0
528,TH605,15,2,22.0,13.0
529,TH605,15,3,30.0,18.0
530,TH605,15,4,21.0,12.0
531,TH605,14,1,21.0,19.0
532,TH605,14,2,21.0,18.0
533,TH605,14,3,26.0,15.0
534,TH605,14,4,20.0,15.0
535,TH605,13,1,17.0,13.0
536,TH605,13,2,20.0,14.0
537,TH605,13,3,24.0,12.0
538,TH605,13,4,19.0,14.0
539,TH605,25,1,25.0,22.0
540,TH605,25,2,28.0,21.0
541,TH605,25,3,36.0,31.0
542,TH605,25,4,29.0,23.0
543,TH605,22,1,3.0,3.0
544,TH605,22,2,3.0,0.0
545,TH605,22,3,12.0,8.0
546,TH605,22,4,12.0,11.0
547,TH605,7,1,29.0,26.0
548,TH605,7,2,30.0,23.0
549,TH605,7,3,35.0,24.0
550,TH605,9,1,24.0,24.0
551,TH605,9,2,28.0,23.0
552,TH605,9,3,28.0,22.0
553,TH605,8,1,24.0,23.0
554,TH605,8,2,24.0,24.0
555,TH605,8,3,29.0,24.0
556,TH605,6,1,25.0,24.0
557,TH605,6,2,26.0,21.0
558,TH605,6,3,43.0,21.0
559,TH605,1,1,18.0,13.0
560,TH605,1,2,19.0,14.0
561,TH605,27,1,20.0,15.0
562,TH605,27,2,18.0,18.0
563,TH605,27,3,25.0,19.0
564,TH605,27,4,22.0,18.0
565,TH605,18,1,25.0,22.0
566,TH605,18,2,24.0,21.0
567,TH605,18,3,30.0,25.0
568,TH605,18,4,24.0,19.0
569,TH605,20,1,20.0,18.0
570,TH605,20,2,21.0,20.0
571,TH605,20,3,25.0,21.0
572,TH605,20,4,23.0,18.0
573,TH605,16,1,26.0,24.0
574,TH605,16,2,29.0,21.0
575,TH605,16,3,28.0,18.0
576,TH605,16,4,29.0,22.0
577,TH605,29,1,16.0,16.0
578,TH605,29,2,17.0,16.0
579,TH605,29,3,20.0,19.0
580,TH605,29,4,17.0,16.0
581,TH605,11,1,12.0,12.0
582,TH605,11,2,16.0,13.0
583,TH605,11,3,13.0,12.0
584,TH605,11,4,19.0,13.0
585,TH605,10,1,24.0,24.0
586,TH605,10,2,26.0,22.0
587,TH605,10,3,33.0,23.0
588,TH605,10,4,40.0,21.0
589,TH605,17,1,23.0,22.0
590,TH605,17,2,22.0,17.0
591,TH605,17,3,28.0,23.0
592,TH605,17,4,22.0,20.0
593,TH605,28,1,27.0,24.0
594,TH605,28,2,24.0,23.0
595,TH605,28,3,26.0,21.0
596,TH605,28,4,26.0,23.0
597,TH605,21,1,21.0,21.0
598,TH605,21,2,22.0,19.0
599,TH605,21,3,30.0,18.0
600,TH605,21,4,28.0,19.0
601,TH605,26,1,27.0,20.0
602,TH605,26,2,30.0,28.0
603,TH605,26,3,29.0,17.0
604,TH605,26,4,27.0,18.0
605,TH605,19,1,20.0,19.0
606,TH605,19,2,21.0,18.0
607,TH605,19,3,21.0,17.0
608,TH605,19,4,21.0,18.0
609,BP22,38,1,12.0,9.0
610,BP22,38,2,11.0,11.0
611,BP22,38,3,14.0,11.0
612,BP22,38,4,8.0,5.0
613,BP22,31,1,18.0,12.0
614,BP22,31,2,7.0,5.0
615,BP22,31,3,2.0,0.0
616,BP22,31,4,3.0,2.0
617,BP22,36,1,7.0,5.0
618,BP22,36,2,10.0,9.0
619,BP22,36,3,7.0,5.0
620,BP22,36,4,15.0,12.0
621,BP22,37,1,13.0,13.0
622,BP22,37,2,5.0,5.0
623,BP22,37,3,12.0,10.0
624,BP22,37,4,11.0,11.0
625,BP22,30,1,22.0,20.0
626,BP22,30,2,10.0,9.0
627,BP22,30,3,7.0,6.0
628,BP22,30,4,7.0,7.0
629,BP22,39,1,14.0,13.0
630,BP22,39,2,9.0,8.0
631,BP22,39,3,14.0,13.0
632,BP22,39,4,14.0,11.0
633,BP22,4,1,13.0,12.0
634,BP22,4,2,15.0,11.0
635,BP22,3,1,10.0,9.0
636,BP22,3,2,16.0,6.0
637,BP22,2,1,16.0,15.0
638,BP22,2,2,28.0,14.0
639,BP22,5,1,19.0,19.0
640,BP22,5,2,25.0,22.0
641,BP22,41,1,9.0,8.0
642,BP22,41,2,7.0,7.0
643,BP22,41,3,10.0,6.0
644,BP22,41,4,11.0,5.0
645,BP22,46,1,11.0,11.0
646,BP22,46,2,9.0,8.0
647,BP22,46,3,8.0,7.0
648,BP22,46,4,17.0,7.0
649,BP22,48,1,9.0,9.0
650,BP22,48,2,9.0,9.0
651,BP22,48,3,10.0,9.0
652,BP22,48,4,9.0,9.0
653,BP22,23,1,13.0,10.0
654,BP22,23,2,16.0,14.0
655,BP22,23,3,12.0,6.0
656,BP22,23,4,12.0,7.0
657,BP22,24,1,12.0,10.0
658,BP22,24,2,9.0,8.0
659,BP22,24,3,17.0,15.0
660,BP22,24,4,16.0,15.0
661,BP22,12,1,9.0,7.0
662,BP22,12,2,11.0,9.0
663,BP22,12,3,12.0,8.0
664,BP22,12,4,12.0,10.0
665,BP22,15,1,9.0,7.0
666,BP22,15,2,10.0,5.0
667,BP22,15,3,11.0,5.0
668,BP22,15,4,13.0,6.0
669,BP22,49,1,13.0,13.0
670,BP22,49,2,14.0,12.0
671,BP22,49,3,12.0,11.0
672,BP22,49,4,14.0,14.0
673,BP22,47,1,13.0,10.0
674,BP22,47,2,8.0,8.0
675,BP22,47,3,11.0,10.0
676,BP22,47,4,11.0,8.0
677,BP22,40,1,12.0,12.0
678,BP22,40,2,6.0,6.0
679,BP22,40,3,11.0,9.0
680,BP22,40,4,12.0,11.0
681,BP22,14,1,13.0,13.0
682,BP22,14,2,12.0,9.0
683,BP22,14,3,11.0,9.0
684,BP22,14,4,11.0,9.0
685,BP22,13,1,14.0,13.0
686,BP22,13,2,14.0,12.0
687,BP22,13,3,19.0,15.0
688,BP22,13,4,15.0,13.0
689,BP22,25,1,16.0,12.0
690,BP22,25,2,14.0,13.0
691,BP22,25,3,15.0,15.0
692,BP22,25,4,15.0,15.0
693,BP22,22,1,10.0,8.0
694,BP22,22,2,14.0,13.0
695,BP22,22,3,10.0,9.0
696,BP22,22,4,11.0,8.0
697,BP22,50,1,14.0,14.0
698,BP22,50,2,15.0,14.0
699,BP22,50,3,19.0,17.0
700,BP22,50,4,17.0,16.0
701,BP22,35,1,8.0,7.0
702,BP22,35,2,8.0,7.0
703,BP22,35,3,6.0,4.0
704,BP22,35,4,14.0,12.0
705,BP22,32,1,13.0,11.0
706,BP22,32,2,11.0,9.0
707,BP22,32,3,12.0,9.0
708,BP22,32,4,11.0,8.0
709,BP22,33,1,11.0,7.0
710,BP22,33,2,11.0,9.0
711,BP22,33,3,12.0,7.0
712,BP22,33,4,11.0,8.0
713,BP22,34,1,15.0,15.0
714,BP22,34,2,11.0,10.0
715,BP22,34,3,15.0,12.0
716,BP22,34,4,11.0,8.0
717,BP22,7,1,31.0,29.0
718,BP22,7,2,30.0,26.0
719,BP22,9,1,10.0,9.0
720,BP22,9,2,13.0,12.0
721,BP22,9,3,13.0,10.0
722,BP22,8,1,15.0,12.0
723,BP22,8,2,15.0,12.0
724,BP22,8,3,17.0,14.0
725,BP22,6,1,28.0,26.0
726,BP22,6,2,29.0,24.0
727,BP22,1,1,8.0,4.0
728,BP22,1,2,7.0,3.0
729,BP22,27,1,17.0,13.0
730,BP22,27,2,11.0,11.0
731,BP22,27,3,10.0,9.0
732,BP22,27,4,11.0,11.0
733,BP22,18,1,6.0,6.0
734,BP22,18,2,9.0,9.0
735,BP22,18,3,9.0,6.0
736,BP22,18,4,8.0,5.0
737,BP22,20,1,17.0,16.0
738,BP22,20,2,12.0,11.0
739,BP22,20,3,12.0,11.0
740,BP22,20,4,12.0,11.0
741,BP22,16,1,14.0,14.0
742,BP22,16,2,12.0,11.0
743,BP22,16,3,15.0,12.0
744,BP22,16,4,14.0,11.0
745,BP22,29,1,25.0,22.0
746,BP22,29,2,14.0,13.0
747,BP22,29,3,9.0,7.0
748,BP22,29,4,9.0,9.0
749,BP22,11,1,15.0,12.0
750,BP22,11,2,12.0,12.0
751,BP22,11,3,13.0,12.0
752,BP22,11,4,19.0,15.0
753,BP22,45,1,9.0,9.0
754,BP22,45,2,10.0,6.0
755,BP22,45,3,11.0,5.0
756,BP22,45,4,12.0,5.0
757,BP22,42,1,12.0,12.0
758,BP22,42,2,16.0,14.0
759,BP22,42,3,13.0,10.0
760,BP22,42,4,15.0,10.0
761,BP22,10,1,17.0,16.0
762,BP22,10,2,19.0,18.0
763,BP22,10,3,18.0,18.0
764,BP22,17,1,7.0,6.0
765,BP22,17,2,11.0,5.0
766,BP22,17,3,9.0,4.0
767,BP22,17,4,8.0,4.0
768,BP22,28,1,20.0,14.0
769,BP22,28,2,8.0,5.0
770,BP22,28,3,4.0,1.0
771,BP22,28,4,4.0,4.0
772,BP22,21,1,9.0,8.0
773,BP22,21,2,10.0,7.0
774,BP22,21,3,9.0,9.0
775,BP22,21,4,9.0,8.0
776,BP22,26,1,17.0,13.0
777,BP22,26,2,14.0,13.0
778,BP22,26,3,17.0,17.0
779,BP22,26,4,17.0,17.0
780,BP22,19,1,15.0,12.0
781,BP22,19,2,17.0,16.0
782,BP22,19,3,19.0,16.0
783,BP22,19,4,18.0,15.0
784,BP22,43,1,13.0,10.0
785,BP22,43,2,13.0,12.0
786,BP22,43,3,8.0,8.0
787,BP22,43,4,11.0,8.0
788,BP22,44,1,10.0,10.0
789,BP22,44,2,9.0,9.0
790,BP22,44,3,13.0,6.0
791,BP22,44,4,10.0,6.0
792,BP14,4,1,17.0,17.0
793,BP14,4,2,21.0,19.0
794,BP14,3,1,8.0,8.0
795,BP14,3,2,8.0,5.0
796,BP14,2,1,5.0,5.0
797,BP14,2,2,5.0,1.0
798,BP14,5,1,17.0,16.0
799,BP14,5,2,27.0,19.0
800,BP14,12,1,12.0,12.0
801,BP14,12,2,14.0,11.0
802,BP14,15,1,2.0,2.0
803,BP14,15,2,1.0,0.0
804,BP14,15,3,4.0,2.0
805,BP14,14,1,1.0,1.0
806,BP14,14,2,5.0,4.0
807,BP14,14,3,6.0,4.0
808,BP14,13,1,7.0,7.0
809,BP14,13,2,6.0,5.0
810,BP14,7,1,8.0,7.0
811,BP14,7,2,9.0,6.0
812,BP14,9,1,6.0,5.0
813,BP14,9,2,7.0,4.0
814,BP14,8,1,26.0,26.0
815,BP14,8,2,31.0,24.0
816,BP14,6,1,13.0,12.0
817,BP14,6,2,12.0,8.0
818,BP14,1,1,5.0,5.0
819,BP14,1,2,5.0,1.0
820,BP14,18,1,16.0,16.0
821,BP14,18,2,19.0,17.0
822,BP14,20,1,3.0,3.0
823,BP14,20,2,6.0,6.0
824,BP14,20,3,5.0,3.0
825,BP14,16,1,10.0,10.0
826,BP14,16,2,12.0,8.0
827,BP14,11,1,7.0,7.0
828,BP14,11,2,5.0,3.0
829,BP14,10,1,11.0,11.0
830,BP14,10,2,20.0,14.0
831,BP14,17,1,9.0,9.0
832,BP14,17,2,11.0,10.0
833,BP14,21,1,5.0,5.0
834,BP14,21,2,6.0,3.0
835,BP14,21,3,5.0,2.0
836,BP14,19,1,5.0,5.0
837,BP14,19,2,4.0,3.0
838,BP14,19,3,8.0,3.0
839,BP13,30,1,13.0,12.0
840,BP13,30,2,14.0,12.0
841,BP13,30,3,18.0,14.0
842,BP13,30,4,13.0,12.0
843,BP13,4,1,14.0,13.0
844,BP13,4,2,20.0,16.0
845,BP13,3,1,17.0,17.0
846,BP13,3,2,18.0,14.0
847,BP13,2,1,8.0,3.0
848,BP13,2,2,7.0,5.0
849,BP13,5,1,19.0,19.0
850,BP13,5,2,25.0,16.0
851,BP13,23,1,11.0,11.0
852,BP13,23,2,12.0,11.0
853,BP13,23,3,22.0,19.0
854,BP13,23,4,13.0,11.0
855,BP13,24,1,16.0,16.0
856,BP13,24,2,17.0,16.0
857,BP13,24,3,28.0,20.0
858,BP13,24,4,19.0,18.0
859,BP13,12,1,40.0,40.0
860,BP13,12,2,37.0,29.0
861,BP13,15,1,24.0,24.0
862,BP13,15,2,24.0,21.0
863,BP13,15,3,32.0,14.0
864,BP13,14,1,28.0,28.0
865,BP13,14,2,32.0,32.0
866,BP13,13,1,38.0,38.0
867,BP13,13,2,36.0,33.0
868,BP13,25,1,7.0,6.0
869,BP13,25,2,7.0,5.0
870,BP13,25,3,21.0,17.0
871,BP13,25,4,8.0,6.0
872,BP13,22,1,15.0,15.0
873,BP13,22,2,14.0,14.0
874,BP13,22,3,22.0,14.0
875,BP13,22,4,14.0,11.0
876,BP13,7,1,14.0,12.0
877,BP13,7,2,18.0,11.0
878,BP13,9,1,29.0,24.0
879,BP13,9,2,28.0,18.0
880,BP13,8,1,20.0,19.0
881,BP13,8,2,19.0,15.0
882,BP13,6,1,17.0,17.0
883,BP13,6,2,22.0,15.0
884,BP13,1,1,12.0,3.0
885,BP13,1,2,8.0,5.0
886,BP13,27,1,16.0,16.0
887,BP13,27,2,12.0,9.0
888,BP13,27,3,26.0,18.0
889,BP13,27,4,13.0,12.0
890,BP13,18,1,24.0,24.0
891,BP13,18,2,28.0,27.0
892,BP13,18,3,28.0,23.0
893,BP13,20,1,27.0,27.0
894,BP13,20,2,26.0,24.0
895,BP13,20,3,27.0,11.0
896,BP13,20,4,38.0,35.0
897,BP13,16,1,28.0,28.0
898,BP13,16,2,28.0,26.0
899,BP13,16,3,36.0,27.0
900,BP13,29,1,20.0,20.0
901,BP13,29,2,17.0,16.0
902,BP13,29,3,25.0,20.0
903,BP13,29,4,17.0,16.0
904,BP13,11,1,35.0,35.0
905,BP13,11,2,35.0,29.0
906,BP13,10,1,26.0,25.0
907,BP13,10,2,26.0,22.0
908,BP13,17,1,23.0,23.0
909,BP13,17,2,22.0,19.0
910,BP13,17,3,31.0,27.0
911,BP13,28,1,20.0,20.0
912,BP13,28,2,18.0,15.0
913,BP13,28,3,25.0,17.0
914,BP13,28,4,18.0,16.0
915,BP13,21,1,19.0,19.0
916,BP13,21,2,19.0,18.0
917,BP13,21,3,23.0,14.0
918,BP13,21,4,25.0,23.0
919,BP13,26,1,18.0,18.0
920,BP13,26,2,18.0,16.0
921,BP13,26,3,26.0,15.0
922,BP13,26,4,19.0,16.0
923,BP13,19,1,14.0,14.0
924,BP13,19,2,12.0,12.0
925,BP13,19,3,13.0,8.0
926,BP13,19,4,13.0,12.0
927,TH510,4,1,26.0,26.0
928,TH510,4,2,34.0,26.0
929,TH510,3,1,42.0,41.0
930,TH510,3,2,54.0,38.0
931,TH510,2,1,27.0,27.0
932,TH510,2,2,47.0,26.0
933,TH510,5,1,26.0,26.0
934,TH510,5,2,26.0,22.0
935,TH510,7,1,39.0,37.0
936,TH510,7,2,51.0,38.0
937,TH510,7,3,41.0,38.0
938,TH510,9,1,35.0,32.0
939,TH510,9,2,34.0,32.0
940,TH510,9,3,31.0,31.0
941,TH510,9,4,31.0,30.0
942,TH510,8,1,31.0,30.0
943,TH510,8,2,38.0,30.0
944,TH510,8,3,30.0,29.0
945,TH510,8,4,40.0,33.0
946,TH510,6,1,14.0,14.0
947,TH510,6,2,18.0,16.0
948,TH510,6,3,18.0,15.0
949,TH510,1,1,28.0,19.0
950,TH510,1,2,30.0,16.0
951,BP15,4,1,30.0,26.0
952,BP15,4,2,39.0,28.0
953,BP15,3,1,18.0,18.0
954,BP15,3,2,24.0,22.0
955,BP15,2,1,25.0,24.0
956,BP15,2,2,30.0,24.0
957,BP15,5,1,31.0,30.0
958,BP15,5,2,42.0,27.0
959,BP15,23,1,27.0,23.0
960,BP15,23,2,25.0,20.0
961,BP15,23,3,27.0,19.0
962,BP15,23,4,22.0,21.0
963,BP15,24,1,22.0,22.0
964,BP15,24,2,25.0,20.0
965,BP15,24,3,24.0,19.0
966,BP15,24,4,22.0,20.0
967,BP15,12,1,24.0,21.0
968,BP15,12,2,27.0,25.0
969,BP15,12,3,29.0,22.0
970,BP15,15,1,23.0,20.0
971,BP15,15,2,23.0,21.0
972,BP15,15,3,25.0,20.0
973,BP15,15,4,27.0,23.0
974,BP15,14,1,20.0,17.0
975,BP15,14,2,22.0,20.0
976,BP15,14,3,24.0,20.0
977,BP15,14,4,28.0,19.0
978,BP15,13,1,28.0,24.0
979,BP15,13,2,25.0,25.0
980,BP15,13,3,27.0,24.0
981,BP15,25,1,18.0,18.0
982,BP15,25,2,18.0,16.0
983,BP15,25,3,23.0,19.0
984,BP15,25,4,19.0,19.0
985,BP15,22,1,19.0,18.0
986,BP15,22,2,22.0,19.0
987,BP15,22,3,23.0,20.0
988,BP15,22,4,19.0,17.0
989,BP15,7,1,32.0,32.0
990,BP15,7,2,43.0,36.0
991,BP15,9,1,23.0,19.0
992,BP15,9,2,22.0,22.0
993,BP15,9,3,30.0,19.0
994,BP15,8,1,29.0,27.0
995,BP15,8,2,33.0,29.0
996,BP15,6,1,44.0,35.0
997,BP15,6,2,39.0,33.0
998,BP15,1,1,13.0,12.0
999,BP15,1,2,19.0,9.0
1000,BP15,27,1,20.0,20.0
1001,BP15,27,2,26.0,22.0
1002,BP15,27,3,27.0,21.0
1003,BP15,27,4,21.0,19.0
1004,BP15,18,1,21.0,21.0
1005,BP15,18,2,22.0,18.0
1006,BP15,18,3,21.0,18.0
1007,BP15,18,4,21.0,18.0
1008,BP15,20,1,19.0,17.0
1009,BP15,20,2,27.0,20.0
1010,BP15,20,3,23.0,17.0
1011,BP15,20,4,22.0,20.0
1012,BP15,16,1,21.0,19.0
1013,BP15,16,2,19.0,17.0
1014,BP15,16,3,20.0,17.0
1015,BP15,16,4,25.0,20.0
1016,BP15,11,1,24.0,22.0
1017,BP15,11,2,23.0,21.0
1018,BP15,11,3,28.0,21.0
1019,BP15,10,1,23.0,20.0
1020,BP15,10,2,21.0,21.0
1021,BP15,10,3,34.0,22.0
1022,BP15,17,1,20.0,16.0
1023,BP15,17,2,22.0,16.0
1024,BP15,17,3,18.0,15.0
1025,BP15,17,4,20.0,18.0
1026,BP15,21,1,23.0,18.0
1027,BP15,21,2,23.0,16.0
1028,BP15,21,3,26.0,17.0
1029,BP15,21,4,21.0,19.0
1030,BP15,26,1,18.0,18.0
1031,BP15,26,2,17.0,16.0
1032,BP15,26,3,22.0,17.0
1033,BP15,26,4,16.0,15.0
1034,BP15,19,1,23.0,13.0
1035,BP15,19,2,19.0,16.0
1036,BP15,19,3,17.0,13.0
1037,BP15,19,4,21.0,17.0
1038,TH508,38,1,22.0,22.0
1039,TH508,38,2,29.0,23.0
1040,TH508,38,3,27.0,24.0
1041,TH508,38,4,28.0,23.0
1042,TH508,31,1,5.0,4.0
1043,TH508,31,2,5.0,5.0
1044,TH508,31,3,5.0,4.0
1045,TH508,31,4,4.0,3.0
1046,TH508,36,1,21.0,21.0
1047,TH508,36,2,24.0,20.0
1048,TH508,36,3,21.0,14.0
1049,TH508,36,4,24.0,17.0
1050,TH508,37,1,21.0,21.0
1051,TH508,37,2,29.0,23.0
1052,TH508,37,3,31.0,23.0
1053,TH508,37,4,25.0,20.0
1054,TH508,30,1,27.0,22.0
1055,TH508,30,2,27.0,21.0
1056,TH508,30,3,27.0,15.0
1057,TH508,30,4,27.0,22.0
1058,TH508,4,1,42.0,41.0
1059,TH508,4,2,54.0,40.0
1060,TH508,3,1,37.0,37.0
1061,TH508,3,2,47.0,35.0
1062,TH508,2,1,6.0,6.0
1063,TH508,2,2,14.0,10.0
1064,TH508,5,1,42.0,42.0
1065,TH508,5,2,65.0,39.0
1066,TH508,23,1,24.0,19.0
1067,TH508,23,2,29.0,23.0
1068,TH508,23,3,27.0,20.0
1069,TH508,23,4,33.0,24.0
1070,TH508,24,1,28.0,28.0
1071,TH508,24,2,32.0,23.0
1072,TH508,24,3,29.0,25.0
1073,TH508,24,4,33.0,26.0
1074,TH508,12,1,41.0,29.0
1075,TH508,12,2,42.0,35.0
1076,TH508,15,1,38.0,26.0
1077,TH508,15,2,34.0,27.0
1078,TH508,14,1,43.0,30.0
1079,TH508,14,2,40.0,33.0
1080,TH508,13,1,57.0,36.0
1081,TH508,13,2,56.0,46.0
1082,TH508,25,1,18.0,17.0
1083,TH508,25,2,29.0,18.0
1084,TH508,25,3,31.0,17.0
1085,TH508,25,4,17.0,17.0
1086,TH508,22,1,4.0,4.0
1087,TH508,22,2,4.0,2.0
1088,TH508,22,3,4.0,3.0
1089,TH508,22,4,2.0,2.0
1090,TH508,35,1,26.0,25.0
1091,TH508,35,2,27.0,21.0
1092,TH508,35,3,26.0,25.0
1093,TH508,35,4,27.0,21.0
1094,TH508,32,1,21.0,18.0
1095,TH508,32,2,22.0,14.0
1096,TH508,32,3,22.0,10.0
1097,TH508,32,4,22.0,20.0
1098,TH508,33,1,20.0,15.0
1099,TH508,33,2,23.0,16.0
1100,TH508,33,3,23.0,11.0
1101,TH508,33,4,21.0,15.0
1102,TH508,34,1,24.0,22.0
1103,TH508,34,2,24.0,14.0
1104,TH508,34,3,23.0,21.0
1105,TH508,34,4,24.0,18.0
1106,TH508,7,1,28.0,27.0
1107,TH508,7,2,39.0,25.0
1108,TH508,9,1,36.0,33.0
1109,TH508,9,2,36.0,24.0
1110,TH508,8,1,24.0,24.0
1111,TH508,8,2,23.0,16.0
1112,TH508,6,1,29.0,29.0
1113,TH508,6,2,39.0,32.0
1114,TH508,1,1,24.0,22.0
1115,TH508,1,2,42.0,21.0
1116,TH508,27,1,10.0,10.0
1117,TH508,27,2,17.0,7.0
1118,TH508,27,3,13.0,8.0
1119,TH508,27,4,15.0,8.0
1120,TH508,18,1,25.0,19.0
1121,TH508,18,2,17.0,14.0
1122,TH508,18,3,28.0,22.0
1123,TH508,20,1,35.0,25.0
1124,TH508,20,2,24.0,18.0
1125,TH508,20,3,35.0,29.0
1126,TH508,16,1,38.0,29.0
1127,TH508,16,2,34.0,32.0
1128,TH508,29,1,33.0,23.0
1129,TH508,29,2,34.0,26.0
1130,TH508,29,3,34.0,30.0
1131,TH508,29,4,33.0,27.0
1132,TH508,11,1,41.0,38.0
1133,TH508,11,2,40.0,32.0
1134,TH508,10,1,28.0,25.0
1135,TH508,10,2,27.0,18.0
1136,TH508,17,1,29.0,21.0
1137,TH508,17,2,29.0,27.0
1138,TH508,17,3,37.0,18.0
1139,TH508,28,1,16.0,15.0
1140,TH508,28,2,16.0,11.0
1141,TH508,28,3,16.0,15.0
1142,TH508,28,4,16.0,10.0
1143,TH508,21,1,29.0,23.0
1144,TH508,21,2,29.0,15.0
1145,TH508,21,3,26.0,20.0
1146,TH508,26,1,9.0,8.0
1147,TH508,26,2,13.0,7.0
1148,TH508,26,3,9.0,7.0
1149,TH508,26,4,11.0,10.0
1150,TH508,19,1,37.0,23.0
1151,TH508,19,2,27.0,16.0
1152,TH508,19,3,38.0,31.0
1153,TH405,31,1,20.0,16.0
1154,TH405,31,2,25.0,20.0
1155,TH405,31,3,22.0,18.0
1156,TH405,31,4,18.0,17.0
1157,TH405,30,1,11.0,6.0
1158,TH405,30,2,9.0,9.0
1159,TH405,30,3,9.0,5.0
1160,TH405,30,4,5.0,5.0
1161,TH405,4,1,24.0,12.0
1162,TH405,4,2,26.0,15.0
1163,TH405,2,1,24.0,17.0
1164,TH405,2,2,24.0,15.0
1165,TH405,5,1,28.0,17.0
1166,TH405,5,2,21.0,18.0
1167,TH405,23,1,21.0,16.0
1168,TH405,23,2,19.0,16.0
1169,TH405,23,3,24.0,19.0
1170,TH405,23,4,26.0,19.0
1171,TH405,24,1,14.0,14.0
1172,TH405,24,2,27.0,13.0
1173,TH405,24,3,21.0,13.0
1174,TH405,24,4,18.0,15.0
1175,TH405,12,1,7.0,7.0
1176,TH405,12,2,11.0,10.0
1177,TH405,12,3,10.0,8.0
1178,TH405,15,1,13.0,12.0
1179,TH405,15,2,13.0,12.0
1180,TH405,15,3,17.0,12.0
1181,TH405,14,1,18.0,18.0
1182,TH405,14,2,22.0,19.0
1183,TH405,14,3,27.0,22.0
1184,TH405,13,1,15.0,12.0
1185,TH405,13,2,12.0,11.0
1186,TH405,13,3,17.0,9.0
1187,TH405,25,1,19.0,19.0
1188,TH405,25,2,18.0,16.0
1189,TH405,25,3,21.0,17.0
1190,TH405,25,4,26.0,17.0
1191,TH405,22,1,14.0,14.0
1192,TH405,22,2,18.0,14.0
1193,TH405,22,3,17.0,15.0
1194,TH405,22,4,14.0,12.0
1195,TH405,35,1,37.0,23.0
1196,TH405,35,2,27.0,27.0
1197,TH405,35,3,31.0,25.0
1198,TH405,35,4,26.0,23.0
1199,TH405,32,1,18.0,13.0
1200,TH405,32,2,16.0,12.0
1201,TH405,32,3,18.0,11.0
1202,TH405,32,4,15.0,14.0
1203,TH405,33,1,18.0,16.0
1204,TH405,33,2,20.0,15.0
1205,TH405,33,3,20.0,18.0
1206,TH405,33,4,21.0,17.0
1207,TH405,34,1,36.0,29.0
1208,TH405,34,2,34.0,30.0
1209,TH405,34,3,31.0,28.0
1210,TH405,34,4,30.0,28.0
1211,TH405,7,1,31.0,31.0
1212,TH405,7,2,33.0,31.0
1213,TH405,9,1,24.0,22.0
1214,TH405,9,2,21.0,18.0
1215,TH405,9,3,31.0,18.0
1216,TH405,8,1,13.0,11.0
1217,TH405,8,2,15.0,14.0
1218,TH405,8,3,32.0,12.0
1219,TH405,6,1,18.0,17.0
1220,TH405,6,2,19.0,19.0
1221,TH405,1,1,19.0,11.0
1222,TH405,1,2,20.0,11.0
1223,TH405,27,1,17.0,15.0
1224,TH405,27,2,20.0,14.0
1225,TH405,27,3,19.0,15.0
1226,TH405,27,4,16.0,14.0
1227,TH405,18,1,15.0,14.0
1228,TH405,18,2,21.0,16.0
1229,TH405,18,3,18.0,16.0
1230,TH405,18,4,32.0,15.0
1231,TH405,20,1,14.0,14.0
1232,TH405,20,2,17.0,16.0
1233,TH405,20,3,16.0,13.0
1234,TH405,20,4,17.0,13.0
1235,TH405,16,1,10.0,7.0
1236,TH405,16,2,12.0,10.0
1237,TH405,16,3,10.0,6.0
1238,TH405,29,1,29.0,24.0
1239,TH405,29,2,28.0,26.0
1240,TH405,29,3,35.0,23.0
1241,TH405,29,4,28.0,24.0
1242,TH405,11,1,19.0,19.0
1243,TH405,11,2,18.0,18.0
1244,TH405,11,3,26.0,18.0
1245,TH405,10,1,4.0,4.0
1246,TH405,10,2,8.0,8.0
1247,TH405,10,3,13.0,4.0
1248,TH405,17,1,26.0,17.0
1249,TH405,17,2,19.0,17.0
1250,TH405,17,3,18.0,14.0
1251,TH405,17,4,30.0,17.0
1252,TH405,28,1,17.0,17.0
1253,TH405,28,2,23.0,15.0
1254,TH405,28,3,20.0,17.0
1255,TH405,28,4,19.0,16.0
1256,TH405,21,1,5.0,5.0
1257,TH405,21,2,10.0,4.0
1258,TH405,21,3,9.0,5.0
1259,TH405,21,4,5.0,5.0
1260,TH405,26,1,17.0,13.0
1261,TH405,26,2,17.0,12.0
1262,TH405,26,3,15.0,15.0
1263,TH405,26,4,21.0,14.0
1264,TH405,19,1,22.0,22.0
1265,TH405,19,2,28.0,21.0
1266,TH405,19,3,37.0,25.0
1267,TH405,19,4,32.0,21.0
1268,TH608,31,1,24.0,24.0
1269,TH608,31,2,26.0,25.0
1270,TH608,31,3,35.0,21.0
1271,TH608,31,4,27.0,22.0
1272,TH608,36,1,22.0,20.0
1273,TH608,36,2,23.0,15.0
1274,TH608,36,3,35.0,14.0
1275,TH608,36,4,22.0,21.0
1276,TH608,30,1,14.0,14.0
1277,TH608,30,2,14.0,11.0
1278,TH608,30,3,15.0,12.0
1279,TH608,30,4,14.0,12.0
1280,TH608,4,1,14.0,14.0
1281,TH608,4,2,13.0,12.0
1282,TH608,4,3,31.0,10.0
1283,TH608,2,1,15.0,15.0
1284,TH608,2,2,18.0,16.0
1285,TH608,5,1,19.0,15.0
1286,TH608,5,2,17.0,15.0
1287,TH608,5,3,21.0,14.0
1288,TH608,23,1,19.0,19.0
1289,TH608,23,2,33.0,29.0
1290,TH608,23,3,19.0,9.0
1291,TH608,23,4,26.0,24.0
1292,TH608,24,1,13.0,13.0
1293,TH608,24,2,15.0,12.0
1294,TH608,24,3,24.0,8.0
1295,TH608,24,4,18.0,17.0
1296,TH608,12,1,17.0,16.0
1297,TH608,12,2,20.0,17.0
1298,TH608,12,3,25.0,19.0
1299,TH608,15,1,15.0,15.0
1300,TH608,15,2,23.0,16.0
1301,TH608,15,3,21.0,15.0
1302,TH608,15,4,29.0,13.0
1303,TH608,14,1,15.0,15.0
1304,TH608,14,2,20.0,17.0
1305,TH608,14,3,18.0,14.0
1306,TH608,13,1,22.0,22.0
1307,TH608,13,2,22.0,21.0
1308,TH608,13,3,26.0,20.0
1309,TH608,25,1,22.0,22.0
1310,TH608,25,2,29.0,26.0
1311,TH608,25,3,43.0,25.0
1312,TH608,25,4,21.0,20.0
1313,TH608,22,1,18.0,18.0
1314,TH608,22,2,20.0,9.0
1315,TH608,22,3,42.0,32.0
1316,TH608,22,4,20.0,13.0
1317,TH608,35,1,18.0,18.0
1318,TH608,35,2,16.0,12.0
1319,TH608,35,3,36.0,25.0
1320,TH608,35,4,17.0,14.0
1321,TH608,32,1,14.0,14.0
1322,TH608,32,2,15.0,13.0
1323,TH608,32,3,22.0,12.0
1324,TH608,32,4,17.0,14.0
1325,TH608,33,1,16.0,16.0
1326,TH608,33,2,17.0,14.0
1327,TH608,33,3,26.0,15.0
1328,TH608,33,4,17.0,15.0
1329,TH608,34,1,15.0,15.0
1330,TH608,34,2,16.0,13.0
1331,TH608,34,3,34.0,24.0
1332,TH608,34,4,16.0,13.0
1333,TH608,7,1,20.0,20.0
1334,TH608,7,2,22.0,20.0
1335,TH608,7,3,33.0,16.0
1336,TH608,9,1,13.0,12.0
1337,TH608,9,2,13.0,11.0
1338,TH608,9,3,35.0,29.0
1339,TH608,8,1,17.0,17.0
1340,TH608,8,2,18.0,16.0
1341,TH608,8,3,39.0,23.0
1342,TH608,6,1,17.0,17.0
1343,TH608,6,2,17.0,16.0
1344,TH608,6,3,28.0,13.0
1345,TH608,1,1,21.0,18.0
1346,TH608,1,2,16.0,14.0
1347,TH608,27,1,11.0,11.0
1348,TH608,27,2,14.0,12.0
1349,TH608,27,3,31.0,25.0
1350,TH608,27,4,22.0,15.0
1351,TH608,18,1,18.0,18.0
1352,TH608,18,2,28.0,27.0
1353,TH608,18,3,35.0,19.0
1354,TH608,18,4,21.0,17.0
1355,TH608,20,1,18.0,18.0
1356,TH608,20,2,18.0,16.0
1357,TH608,20,3,23.0,10.0
1358,TH608,20,4,22.0,20.0
1359,TH608,16,1,14.0,14.0
1360,TH608,16,2,15.0,11.0
1361,TH608,16,3,17.0,10.0
1362,TH608,16,4,18.0,10.0
1363,TH608,29,1,21.0,21.0
1364,TH608,29,2,23.0,18.0
1365,TH608,29,3,25.0,18.0
1366,TH608,29,4,20.0,19.0
1367,TH608,11,1,17.0,17.0
1368,TH608,11,2,25.0,20.0
1369,TH608,11,3,27.0,17.0
1370,TH608,10,1,22.0,22.0
1371,TH608,10,2,23.0,16.0
1372,TH608,10,3,36.0,24.0
1373,TH608,17,1,16.0,15.0
1374,TH608,17,2,12.0,8.0
1375,TH608,17,3,25.0,14.0
1376,TH608,17,4,24.0,19.0
1377,TH608,28,1,22.0,22.0
1378,TH608,28,2,29.0,23.0
1379,TH608,28,3,35.0,21.0
1380,TH608,28,4,28.0,24.0
1381,TH608,21,1,19.0,17.0
1382,TH608,21,2,19.0,10.0
1383,TH608,21,3,42.0,27.0
1384,TH608,21,4,20.0,17.0
1385,TH608,26,1,13.0,13.0
1386,TH608,26,2,16.0,11.0
1387,TH608,26,3,33.0,25.0
1388,TH608,26,4,15.0,5.0
1389,TH608,19,1,9.0,9.0
1390,TH608,19,2,8.0,7.0
1391,TH608,19,3,30.0,23.0
1392,TH608,19,4,10.0,7.0
1393,BP21,38,1,17.0,15.0
1394,BP21,38,2,13.0,11.0
1395,BP21,38,3,12.0,12.0
1396,BP21,38,4,12.0,11.0
1397,BP21,31,1,12.0,10.0
1398,BP21,31,2,12.0,11.0
1399,BP21,31,3,13.0,11.0
1400,BP21,31,4,13.0,12.0
1401,BP21,36,1,9.0,8.0
1402,BP21,36,2,9.0,3.0
1403,BP21,36,3,17.0,15.0
1404,BP21,36,4,17.0,15.0
1405,BP21,53,1,10.0,10.0
1406,BP21,53,2,10.0,10.0
1407,BP21,53,3,11.0,11.0
1408,BP21,53,4,14.0,12.0
1409,BP21,37,1,14.0,10.0
1410,BP21,37,2,24.0,20.0
1411,BP21,37,3,11.0,9.0
1412,BP21,37,4,12.0,11.0
1413,BP21,30,1,13.0,13.0
1414,BP21,30,2,13.0,7.0
1415,BP21,30,3,13.0,12.0
1416,BP21,30,4,13.0,11.0
1417,BP21,39,1,18.0,8.0
1418,BP21,39,2,14.0,13.0
1419,BP21,39,3,14.0,14.0
1420,BP21,39,4,13.0,12.0
1421,BP21,52,1,16.0,16.0
1422,BP21,52,2,15.0,15.0
1423,BP21,52,3,14.0,14.0
1424,BP21,52,4,14.0,13.0
1425,BP21,4,1,10.0,8.0
1426,BP21,4,2,14.0,12.0
1427,BP21,3,1,10.0,8.0
1428,BP21,3,2,8.0,4.0
1429,BP21,2,1,7.0,5.0
1430,BP21,2,2,13.0,6.0
1431,BP21,5,1,15.0,10.0
1432,BP21,5,2,12.0,12.0
1433,BP21,41,1,24.0,17.0
1434,BP21,41,2,10.0,6.0
1435,BP21,41,3,9.0,8.0
1436,BP21,41,4,9.0,8.0
1437,BP21,46,1,23.0,14.0
1438,BP21,46,2,9.0,5.0
1439,BP21,46,3,9.0,8.0
1440,BP21,46,4,9.0,7.0
1441,BP21,48,1,12.0,12.0
1442,BP21,48,2,15.0,12.0
1443,BP21,48,3,11.0,10.0
1444,BP21,48,4,12.0,11.0
1445,BP21,23,1,14.0,13.0
1446,BP21,23,2,13.0,11.0
1447,BP21,23,3,22.0,20.0
1448,BP21,24,1,20.0,9.0
1449,BP21,24,2,19.0,13.0
1450,BP21,24,3,24.0,22.0
1451,BP21,12,1,17.0,11.0
1452,BP21,12,2,15.0,14.0
1453,BP21,12,3,15.0,10.0
1454,BP21,15,1,17.0,15.0
1455,BP21,15,2,15.0,13.0
1456,BP21,15,3,18.0,13.0
1457,BP21,49,1,11.0,11.0
1458,BP21,49,2,16.0,14.0
1459,BP21,49,3,12.0,11.0
1460,BP21,49,4,12.0,8.0
1461,BP21,47,1,22.0,22.0
1462,BP21,47,2,8.0,4.0
1463,BP21,47,3,7.0,7.0
1464,BP21,47,4,7.0,6.0
1465,BP21,40,1,25.0,15.0
1466,BP21,40,2,12.0,11.0
1467,BP21,40,3,12.0,12.0
1468,BP21,40,4,11.0,10.0
1469,BP21,14,1,15.0,11.0
1470,BP21,14,2,16.0,11.0
1471,BP21,14,3,17.0,15.0
1472,BP21,13,1,20.0,16.0
1473,BP21,13,2,22.0,18.0
1474,BP21,13,3,21.0,19.0
1475,BP21,25,1,19.0,18.0
1476,BP21,25,2,17.0,15.0
1477,BP21,25,3,14.0,14.0
1478,BP21,22,1,21.0,15.0
1479,BP21,22,2,27.0,23.0
1480,BP21,22,3,16.0,8.0
1481,BP21,50,1,11.0,11.0
1482,BP21,50,2,11.0,10.0
1483,BP21,50,3,12.0,11.0
1484,BP21,50,4,18.0,17.0
1485,BP21,35,1,8.0,5.0
1486,BP21,35,2,8.0,6.0
1487,BP21,35,3,16.0,15.0
1488,BP21,35,4,15.0,15.0
1489,BP21,32,1,15.0,13.0
1490,BP21,32,2,15.0,13.0
1491,BP21,32,3,12.0,11.0
1492,BP21,32,4,10.0,8.0
1493,BP21,51,1,21.0,12.0
1494,BP21,51,2,15.0,11.0
1495,BP21,51,3,16.0,14.0
1496,BP21,51,4,13.0,11.0
1497,BP21,33,1,18.0,7.0
1498,BP21,33,2,19.0,16.0
1499,BP21,33,3,17.0,13.0
1500,BP21,33,4,14.0,11.0
1501,BP21,34,1,21.0,17.0
1502,BP21,34,2,14.0,11.0
1503,BP21,34,3,11.0,4.0
1504,BP21,34,4,10.0,7.0
1505,BP21,7,1,21.0,20.0
1506,BP21,7,2,32.0,20.0
1507,BP21,9,1,34.0,13.0
1508,BP21,9,2,20.0,17.0
1509,BP21,8,1,22.0,18.0
1510,BP21,8,2,23.0,20.0
1511,BP21,6,1,26.0,17.0
1512,BP21,6,2,20.0,15.0
1513,BP21,1,1,4.0,2.0
1514,BP21,1,2,4.0,1.0
1515,BP21,27,1,10.0,9.0
1516,BP21,27,2,10.0,10.0
1517,BP21,27,3,12.0,11.0
1518,BP21,27,4,16.0,14.0
1519,BP21,18,1,20.0,14.0
1520,BP21,18,2,24.0,15.0
1521,BP21,18,3,19.0,13.0
1522,BP21,20,1,17.0,5.0
1523,BP21,20,2,17.0,15.0
1524,BP21,20,3,18.0,18.0
1525,BP21,16,1,24.0,14.0
1526,BP21,16,2,17.0,16.0
1527,BP21,16,3,18.0,13.0
1528,BP21,29,1,12.0,10.0
1529,BP21,29,2,12.0,12.0
1530,BP21,29,3,13.0,12.0
1531,BP21,29,4,12.0,11.0
1532,BP21,11,1,24.0,22.0
1533,BP21,11,2,20.0,19.0
1534,BP21,45,1,17.0,13.0
1535,BP21,45,2,4.0,3.0
1536,BP21,45,3,3.0,2.0
1537,BP21,45,4,4.0,2.0
1538,BP21,42,1,26.0,16.0
1539,BP21,42,2,12.0,10.0
1540,BP21,42,3,12.0,11.0
1541,BP21,42,4,12.0,9.0
1542,BP21,10,1,27.0,27.0
1543,BP21,10,2,25.0,24.0
1544,BP21,17,1,24.0,10.0
1545,BP21,17,2,15.0,12.0
1546,BP21,17,3,15.0,14.0
1547,BP21,28,1,11.0,10.0
1548,BP21,28,2,11.0,9.0
1549,BP21,28,3,11.0,10.0
1550,BP21,28,4,11.0,6.0
1551,BP21,21,1,25.0,21.0
1552,BP21,21,2,11.0,6.0
1553,BP21,21,3,10.0,9.0
1554,BP21,26,1,17.0,14.0
1555,BP21,26,2,16.0,14.0
1556,BP21,26,3,13.0,11.0
1557,BP21,19,1,17.0,15.0
1558,BP21,19,2,17.0,14.0
1559,BP21,19,3,18.0,15.0
1560,BP21,43,1,28.0,17.0
1561,BP21,43,2,15.0,12.0
1562,BP21,43,3,15.0,15.0
1563,BP21,43,4,15.0,15.0
1564,BP21,44,1,21.0,19.0
1565,BP21,44,2,8.0,6.0
1566,BP21,44,3,8.0,8.0
1567,BP21,44,4,8.0,7.0
1568,BP19,38,1,27.0,21.0
1569,BP19,38,2,19.0,18.0
1570,BP19,38,3,25.0,18.0
1571,BP19,38,4,19.0,18.0
1572,BP19,31,1,13.0,13.0
1573,BP19,31,2,13.0,13.0
1574,BP19,31,3,23.0,17.0
1575,BP19,31,4,22.0,21.0
1576,BP19,36,1,14.0,14.0
1577,BP19,36,2,14.0,13.0
1578,BP19,36,3,18.0,15.0
1579,BP19,36,4,21.0,16.0
1580,BP19,37,1,24.0,15.0
1581,BP19,37,2,18.0,18.0
1582,BP19,37,3,22.0,15.0
1583,BP19,37,4,16.0,15.0
1584,BP19,30,1,20.0,19.0
1585,BP19,30,2,20.0,18.0
1586,BP19,30,3,30.0,21.0
1587,BP19,30,4,29.0,28.0
1588,BP19,39,1,22.0,19.0
1589,BP19,39,2,16.0,16.0
1590,BP19,39,3,25.0,17.0
1591,BP19,39,4,18.0,17.0
1592,BP19,4,1,10.0,8.0
1593,BP19,4,2,17.0,10.0
1594,BP19,3,1,4.0,3.0
1595,BP19,3,2,7.0,4.0
1596,BP19,2,1,12.0,6.0
1597,BP19,2,2,5.0,4.0
1598,BP19,5,1,12.0,12.0
1599,BP19,5,2,10.0,8.0
1600,BP19,41,1,19.0,19.0
1601,BP19,41,2,19.0,19.0
1602,BP19,41,3,27.0,21.0
1603,BP19,41,4,25.0,23.0
1604,BP19,23,1,20.0,19.0
1605,BP19,23,2,17.0,16.0
1606,BP19,23,3,24.0,16.0
1607,BP19,23,4,24.0,16.0
1608,BP19,24,1,18.0,17.0
1609,BP19,24,2,18.0,18.0
1610,BP19,24,3,26.0,21.0
1611,BP19,24,4,25.0,24.0
1612,BP19,12,1,22.0,20.0
1613,BP19,12,2,20.0,19.0
1614,BP19,12,3,19.0,18.0
1615,BP19,15,1,18.0,16.0
1616,BP19,15,2,19.0,14.0
1617,BP19,15,3,23.0,12.0
1618,BP19,15,4,18.0,15.0
1619,BP19,40,1,14.0,14.0
1620,BP19,40,2,17.0,17.0
1621,BP19,40,3,18.0,13.0
1622,BP19,40,4,19.0,16.0
1623,BP19,14,1,16.0,14.0
1624,BP19,14,2,15.0,15.0
1625,BP19,14,3,19.0,14.0
1626,BP19,14,4,21.0,14.0
1627,BP19,13,1,16.0,16.0
1628,BP19,13,2,24.0,18.0
1629,BP19,13,3,21.0,17.0
1630,BP19,13,4,27.0,16.0
1631,BP19,25,1,17.0,14.0
1632,BP19,25,2,18.0,17.0
1633,BP19,25,3,22.0,16.0
1634,BP19,25,4,21.0,17.0
1635,BP19,22,1,18.0,17.0
1636,BP19,22,2,18.0,18.0
1637,BP19,22,3,20.0,15.0
1638,BP19,22,4,20.0,15.0
1639,BP19,35,1,17.0,17.0
1640,BP19,35,2,16.0,15.0
1641,BP19,35,3,19.0,16.0
1642,BP19,35,4,21.0,17.0
1643,BP19,32,1,15.0,15.0
1644,BP19,32,2,17.0,17.0
1645,BP19,32,3,27.0,22.0
1646,BP19,32,4,17.0,15.0
1647,BP19,33,1,21.0,21.0
1648,BP19,33,2,22.0,22.0
1649,BP19,33,3,32.0,28.0
1650,BP19,33,4,22.0,20.0
1651,BP19,34,1,13.0,13.0
1652,BP19,34,2,17.0,16.0
1653,BP19,34,3,23.0,13.0
1654,BP19,34,4,14.0,12.0
1655,BP19,7,1,25.0,23.0
1656,BP19,7,2,27.0,24.0
1657,BP19,9,1,23.0,20.0
1658,BP19,9,2,28.0,23.0
1659,BP19,8,1,19.0,14.0
1660,BP19,8,2,22.0,18.0
1661,BP19,6,1,17.0,12.0
1662,BP19,6,2,18.0,14.0
1663,BP19,1,1,4.0,3.0
1664,BP19,1,2,5.0,4.0
1665,BP19,27,1,19.0,17.0
1666,BP19,27,2,17.0,15.0
1667,BP19,27,3,29.0,20.0
1668,BP19,27,4,19.0,13.0
1669,BP19,18,1,16.0,16.0
1670,BP19,18,2,20.0,19.0
1671,BP19,18,3,27.0,17.0
1672,BP19,18,4,21.0,16.0
1673,BP19,20,1,23.0,23.0
1674,BP19,20,2,20.0,20.0
1675,BP19,20,3,33.0,20.0
1676,BP19,20,4,20.0,19.0
1677,BP19,16,1,17.0,16.0
1678,BP19,16,2,19.0,16.0
1679,BP19,16,3,21.0,15.0
1680,BP19,16,4,16.0,13.0
1681,BP19,29,1,15.0,15.0
1682,BP19,29,2,15.0,13.0
1683,BP19,29,3,24.0,20.0
1684,BP19,29,4,23.0,20.0
1685,BP19,11,1,18.0,18.0
1686,BP19,11,2,21.0,19.0
1687,BP19,11,3,19.0,16.0
1688,BP19,42,1,20.0,20.0
1689,BP19,42,2,21.0,21.0
1690,BP19,42,3,21.0,18.0
1691,BP19,42,4,20.0,18.0
1692,BP19,10,1,32.0,31.0
1693,BP19,10,2,36.0,34.0
1694,BP19,17,1,19.0,19.0
1695,BP19,17,2,19.0,15.0
1696,BP19,17,3,23.0,15.0
1697,BP19,17,4,19.0,15.0
1698,BP19,28,1,15.0,15.0
1699,BP19,28,2,15.0,14.0
1700,BP19,28,3,23.0,21.0
1701,BP19,28,4,22.0,19.0
1702,BP19,21,1,13.0,13.0
1703,BP19,21,2,17.0,16.0
1704,BP19,21,3,15.0,14.0
1705,BP19,21,4,20.0,13.0
1706,BP19,26,1,18.0,18.0
1707,BP19,26,2,19.0,19.0
1708,BP19,26,3,23.0,8.0
1709,BP19,26,4,22.0,22.0
1710,BP19,19,1,14.0,14.0
1711,BP19,19,2,18.0,17.0
1712,BP19,19,3,23.0,15.0
1713,BP19,19,4,18.0,15.0
1714,BP10,38,1,16.0,16.0
1715,BP10,38,2,20.0,18.0
1716,BP10,38,3,30.0,15.0
1717,BP10,38,4,25.0,18.0
1718,BP10,31,1,28.0,28.0
1719,BP10,31,2,32.0,29.0
1720,BP10,36,1,20.0,15.0
1721,BP10,36,2,17.0,17.0
1722,BP10,36,3,29.0,18.0
1723,BP10,36,4,28.0,17.0
1724,BP10,37,1,22.0,14.0
1725,BP10,37,2,18.0,16.0
1726,BP10,37,3,23.0,15.0
1727,BP10,37,4,22.0,13.0
1728,BP10,30,1,14.0,12.0
1729,BP10,30,2,16.0,12.0
1730,BP10,39,1,32.0,31.0
1731,BP10,39,2,32.0,18.0
1732,BP10,39,3,32.0,14.0
1733,BP10,39,4,32.0,23.0
1734,BP10,4,1,20.0,19.0
1735,BP10,4,2,15.0,15.0
1736,BP10,4,3,36.0,15.0
1737,BP10,3,1,28.0,28.0
1738,BP10,3,2,30.0,28.0
1739,BP10,2,1,30.0,29.0
1740,BP10,2,2,38.0,30.0
1741,BP10,5,1,28.0,27.0
1742,BP10,5,2,27.0,25.0
1743,BP10,5,3,37.0,24.0
1744,BP10,41,1,14.0,14.0
1745,BP10,41,2,18.0,15.0
1746,BP10,41,3,26.0,18.0
1747,BP10,46,1,29.0,21.0
1748,BP10,46,2,23.0,18.0
1749,BP10,46,3,23.0,21.0
1750,BP10,46,4,28.0,19.0
1751,BP10,23,1,24.0,21.0
1752,BP10,23,2,24.0,21.0
1753,BP10,23,3,24.0,19.0
1754,BP10,23,4,24.0,18.0
1755,BP10,23,5,24.0,22.0
1756,BP10,24,1,25.0,25.0
1757,BP10,24,2,25.0,9.0
1758,BP10,24,3,25.0,22.0
1759,BP10,24,4,25.0,11.0
1760,BP10,24,5,24.0,20.0
1761,BP10,12,1,19.0,19.0
1762,BP10,12,2,25.0,16.0
1763,BP10,12,3,33.0,18.0
1764,BP10,12,4,27.0,18.0
1765,BP10,12,5,32.0,19.0
1766,BP10,15,1,25.0,25.0
1767,BP10,15,2,35.0,26.0
1768,BP10,15,3,36.0,27.0
1769,BP10,40,1,33.0,31.0
1770,BP10,40,2,33.0,21.0
1771,BP10,40,3,32.0,16.0
1772,BP10,40,4,32.0,20.0
1773,BP10,14,1,22.0,22.0
1774,BP10,14,2,29.0,20.0
1775,BP10,14,3,38.0,20.0
1776,BP10,14,4,33.0,22.0
1777,BP10,14,5,31.0,19.0
1778,BP10,13,1,26.0,26.0
1779,BP10,13,2,42.0,23.0
1780,BP10,13,3,39.0,23.0
1781,BP10,13,4,39.0,23.0
1782,BP10,13,5,29.0,22.0
1783,BP10,25,1,22.0,19.0
1784,BP10,25,2,22.0,17.0
1785,BP10,25,3,22.0,21.0
1786,BP10,25,4,22.0,18.0
1787,BP10,25,5,21.0,20.0
1788,BP10,22,1,28.0,23.0
1789,BP10,22,2,28.0,23.0
1790,BP10,22,3,24.0,21.0
1791,BP10,22,4,24.0,19.0
1792,BP10,22,5,24.0,23.0
1793,BP10,35,1,33.0,33.0
1794,BP10,35,2,31.0,29.0
1795,BP10,35,3,34.0,29.0
1796,BP10,32,1,26.0,23.0
1797,BP10,32,2,22.0,21.0
1798,BP10,33,1,16.0,16.0
1799,BP10,33,2,19.0,18.0
1800,BP10,34,1,31.0,31.0
1801,BP10,34,2,33.0,32.0
1802,BP10,34,3,42.0,32.0
1803,BP10,7,1,31.0,23.0
1804,BP10,7,2,34.0,24.0
1805,BP10,7,3,29.0,26.0
1806,BP10,7,4,41.0,26.0
1807,BP10,9,1,26.0,22.0
1808,BP10,9,2,27.0,20.0
1809,BP10,9,3,23.0,20.0
1810,BP10,9,4,25.0,23.0
1811,BP10,8,1,26.0,22.0
1812,BP10,8,2,27.0,19.0
1813,BP10,8,3,20.0,18.0
1814,BP10,8,4,28.0,19.0
1815,BP10,6,1,31.0,30.0
1816,BP10,6,2,33.0,29.0
1817,BP10,6,3,37.0,33.0
1818,BP10,1,1,43.0,35.0
1819,BP10,1,2,59.0,33.0
1820,BP10,27,1,26.0,19.0
1821,BP10,27,2,27.0,22.0
1822,BP10,27,3,27.0,21.0
1823,BP10,27,4,26.0,19.0
1824,BP10,27,5,27.0,27.0
1825,BP10,18,1,55.0,55.0
1826,BP10,18,2,69.0,56.0
1827,BP10,20,1,32.0,31.0
1828,BP10,20,2,32.0,17.0
1829,BP10,20,3,31.0,25.0
1830,BP10,20,4,32.0,11.0
1831,BP10,20,5,32.0,28.0
1832,BP10,16,1,27.0,27.0
1833,BP10,16,2,34.0,26.0
1834,BP10,29,1,24.0,18.0
1835,BP10,29,2,26.0,17.0
1836,BP10,11,1,20.0,20.0
1837,BP10,11,2,37.0,17.0
1838,BP10,11,3,22.0,21.0
1839,BP10,11,4,27.0,21.0
1840,BP10,11,5,52.0,19.0
1841,BP10,45,1,36.0,32.0
1842,BP10,45,2,46.0,32.0
1843,BP10,45,3,34.0,34.0
1844,BP10,42,1,14.0,14.0
1845,BP10,42,2,15.0,11.0
1846,BP10,10,1,28.0,26.0
1847,BP10,10,2,34.0,25.0
1848,BP10,10,3,25.0,23.0
1849,BP10,10,4,27.0,23.0
1850,BP10,17,1,68.0,53.0
1851,BP10,17,2,69.0,53.0
1852,BP10,28,1,8.0,7.0
1853,BP10,28,2,8.0,4.0
1854,BP10,21,1,30.0,22.0
1855,BP10,21,2,30.0,24.0
1856,BP10,21,3,30.0,25.0
1857,BP10,21,4,30.0,22.0
1858,BP10,21,5,30.0,28.0
1859,BP10,26,1,25.0,23.0
1860,BP10,26,2,25.0,20.0
1861,BP10,26,3,25.0,20.0
1862,BP10,26,4,25.0,21.0
1863,BP10,26,5,25.0,24.0
1864,BP10,19,1,53.0,53.0
1865,BP10,19,2,76.0,52.0
1866,BP10,43,1,36.0,36.0
1867,BP10,43,2,42.0,39.0
1868,BP10,43,3,39.0,37.0
1869,BP10,44,1,33.0,27.0
1870,BP10,44,2,30.0,27.0
1871,BP10,44,3,32.0,29.0
1872,BP16,4,1,23.0,23.0
1873,BP16,4,2,28.0,23.0
1874,BP16,3,1,19.0,19.0
1875,BP16,3,2,24.0,17.0
1876,BP16,2,1,18.0,15.0
1877,BP16,2,2,19.0,11.0
1878,BP16,5,1,28.0,27.0
1879,BP16,5,2,38.0,25.0
1880,BP16,12,1,31.0,31.0
1881,BP16,12,2,28.0,28.0
1882,BP16,12,3,27.0,27.0
1883,BP16,15,1,23.0,23.0
1884,BP16,15,2,26.0,22.0
1885,BP16,15,3,25.0,20.0
1886,BP16,15,4,22.0,22.0
1887,BP16,14,1,19.0,19.0
1888,BP16,14,2,17.0,16.0
1889,BP16,14,3,18.0,16.0
1890,BP16,14,4,20.0,19.0
1891,BP16,13,1,20.0,20.0
1892,BP16,13,2,20.0,19.0
1893,BP16,13,3,21.0,17.0
1894,BP16,13,4,26.0,17.0
1895,BP16,7,1,25.0,21.0
1896,BP16,7,2,26.0,20.0
1897,BP16,9,1,40.0,40.0
1898,BP16,9,2,39.0,37.0
1899,BP16,8,1,29.0,29.0
1900,BP16,8,2,31.0,26.0
1901,BP16,6,1,29.0,28.0
1902,BP16,6,2,39.0,27.0
1903,BP16,1,1,9.0,7.0
1904,BP16,1,2,9.0,5.0
1905,BP16,18,1,24.0,24.0
1906,BP16,18,2,26.0,26.0
1907,BP16,18,3,26.0,26.0
1908,BP16,18,4,25.0,24.0
1909,BP16,16,1,24.0,24.0
1910,BP16,16,2,23.0,21.0
1911,BP16,16,3,23.0,21.0
1912,BP16,16,4,20.0,20.0
1913,BP16,11,1,31.0,29.0
1914,BP16,11,2,27.0,26.0
1915,BP16,11,3,27.0,26.0
1916,BP16,10,1,27.0,27.0
1917,BP16,10,2,29.0,29.0
1918,BP16,10,3,31.0,27.0
1919,BP16,17,1,26.0,26.0
1920,BP16,17,2,25.0,23.0
1921,BP16,17,3,26.0,24.0
1922,BP16,17,4,31.0,23.0
1923,BP16,19,1,19.0,19.0
1924,BP16,19,2,20.0,19.0
1925,BP16,19,3,22.0,22.0
1926,BP16,19,4,25.0,21.0
1927,BP11,38,1,22.0,22.0
1928,BP11,38,2,25.0,25.0
1929,BP11,38,3,35.0,21.0
1930,BP11,38,4,29.0,24.0
1931,BP11,31,1,14.0,13.0
1932,BP11,31,2,12.0,12.0
1933,BP11,31,3,21.0,13.0
1934,BP11,31,4,18.0,15.0
1935,BP11,36,1,4.0,4.0
1936,BP11,36,2,5.0,5.0
1937,BP11,36,3,6.0,4.0
1938,BP11,36,4,2.0,1.0
1939,BP11,37,1,11.0,11.0
1940,BP11,37,2,9.0,9.0
1941,BP11,37,3,14.0,8.0
1942,BP11,37,4,14.0,8.0
1943,BP11,30,1,20.0,20.0
1944,BP11,30,2,20.0,20.0
1945,BP11,30,3,29.0,21.0
1946,BP11,30,4,24.0,22.0
1947,BP11,39,1,22.0,13.0
1948,BP11,39,2,14.0,14.0
1949,BP11,39,3,17.0,12.0
1950,BP11,39,4,13.0,10.0
1951,BP11,52,1,14.0,13.0
1952,BP11,52,2,13.0,13.0
1953,BP11,52,3,20.0,10.0
1954,BP11,52,4,15.0,13.0
1955,BP11,4,1,6.0,4.0
1956,BP11,4,2,5.0,4.0
1957,BP11,3,1,4.0,3.0
1958,BP11,3,2,2.0,0.0
1959,BP11,2,1,4.0,2.0
1960,BP11,2,2,2.0,0.0
1961,BP11,5,1,7.0,7.0
1962,BP11,5,2,6.0,4.0
1963,BP11,41,1,9.0,9.0
1964,BP11,41,2,12.0,11.0
1965,BP11,41,3,18.0,10.0
1966,BP11,41,4,13.0,11.0
1967,BP11,46,1,13.0,13.0
1968,BP11,46,2,12.0,10.0
1969,BP11,46,3,19.0,12.0
1970,BP11,46,4,12.0,11.0
1971,BP11,48,1,10.0,8.0
1972,BP11,48,2,10.0,9.0
1973,BP11,48,3,28.0,22.0
1974,BP11,48,4,9.0,8.0
1975,BP11,23,1,32.0,32.0
1976,BP11,23,2,32.0,30.0
1977,BP11,23,3,30.0,30.0
1978,BP11,24,1,26.0,22.0
1979,BP11,24,2,23.0,22.0
1980,BP11,24,3,24.0,21.0
1981,BP11,24,4,35.0,19.0
1982,BP11,12,1,4.0,4.0
1983,BP11,12,2,4.0,3.0
1984,BP11,12,3,7.0,2.0
1985,BP11,15,1,16.0,16.0
1986,BP11,15,2,15.0,13.0
1987,BP11,15,3,23.0,13.0
1988,BP11,49,1,11.0,9.0
1989,BP11,49,2,11.0,11.0
1990,BP11,49,3,29.0,21.0
1991,BP11,49,4,11.0,11.0
1992,BP11,47,1,15.0,14.0
1993,BP11,47,2,15.0,12.0
1994,BP11,47,3,33.0,32.0
1995,BP11,47,4,16.0,16.0
1996,BP11,40,1,17.0,17.0
1997,BP11,40,2,21.0,20.0
1998,BP11,40,3,25.0,16.0
1999,BP11,40,4,20.0,17.0
2000,BP11,14,1,19.0,19.0
2001,BP11,14,2,20.0,18.0
2002,BP11,14,3,28.0,15.0
2003,BP11,13,1,15.0,15.0
2004,BP11,13,2,15.0,14.0
2005,BP11,13,3,28.0,15.0
2006,BP11,25,1,14.0,13.0
2007,BP11,25,2,15.0,15.0
2008,BP11,25,3,16.0,14.0
2009,BP11,25,4,22.0,13.0
2010,BP11,22,1,30.0,28.0
2011,BP11,22,2,26.0,25.0
2012,BP11,22,3,30.0,25.0
2013,BP11,50,1,21.0,17.0
2014,BP11,50,2,21.0,21.0
2015,BP11,50,3,33.0,24.0
2016,BP11,50,4,21.0,20.0
2017,BP11,35,1,16.0,13.0
2018,BP11,35,2,13.0,13.0
2019,BP11,35,3,20.0,14.0
2020,BP11,35,4,17.0,16.0
2021,BP11,32,1,11.0,11.0
2022,BP11,32,2,15.0,14.0
2023,BP11,32,3,19.0,12.0
2024,BP11,32,4,14.0,11.0
2025,BP11,51,1,19.0,19.0
2026,BP11,51,2,19.0,19.0
2027,BP11,51,3,30.0,15.0
2028,BP11,51,4,18.0,18.0
2029,BP11,33,1,15.0,15.0
2030,BP11,33,2,16.0,16.0
2031,BP11,33,3,20.0,15.0
2032,BP11,33,4,18.0,17.0
2033,BP11,34,1,13.0,12.0
2034,BP11,34,2,9.0,8.0
2035,BP11,34,3,14.0,8.0
2036,BP11,34,4,12.0,8.0
2037,BP11,7,1,8.0,8.0
2038,BP11,7,2,7.0,5.0
2039,BP11,9,1,12.0,11.0
2040,BP11,9,2,16.0,15.0
2041,BP11,8,1,5.0,4.0
2042,BP11,8,2,5.0,3.0
2043,BP11,6,1,6.0,5.0
2044,BP11,6,2,9.0,7.0
2045,BP11,1,1,4.0,2.0
2046,BP11,1,2,6.0,5.0
2047,BP11,27,1,16.0,16.0
2048,BP11,27,2,16.0,16.0
2049,BP11,27,3,17.0,15.0
2050,BP11,27,4,25.0,19.0
2051,BP11,18,1,19.0,19.0
2052,BP11,18,2,17.0,17.0
2053,BP11,18,3,30.0,20.0
2054,BP11,20,1,19.0,17.0
2055,BP11,20,2,22.0,20.0
2056,BP11,20,3,25.0,17.0
2057,BP11,16,1,16.0,16.0
2058,BP11,16,2,17.0,15.0
2059,BP11,16,3,33.0,13.0
2060,BP11,11,1,18.0,18.0
2061,BP11,11,2,20.0,18.0
2062,BP11,45,0,10.0,8.0
2063,BP11,45,1,9.0,7.0
2064,BP11,45,2,23.0,18.0
2065,BP11,45,3,11.0,10.0
2066,BP11,45,4,1.0,0.0
2067,BP11,42,0,12.0,9.0
2068,BP11,42,1,15.0,14.0
2069,BP11,42,2,30.0,27.0
2070,BP11,42,3,15.0,14.0
2071,BP11,42,4,1.0,1.0
2072,BP11,10,1,22.0,22.0
2073,BP11,10,2,22.0,20.0
2074,BP11,17,1,8.0,8.0
2075,BP11,17,2,7.0,5.0
2076,BP11,17,3,10.0,6.0
2077,BP11,28,1,9.0,9.0
2078,BP11,28,2,6.0,6.0
2079,BP11,28,3,12.0,6.0
2080,BP11,28,4,9.0,5.0
2081,BP11,21,1,28.0,28.0
2082,BP11,21,2,28.0,27.0
2083,BP11,21,3,37.0,27.0
2084,BP11,26,1,16.0,13.0
2085,BP11,26,2,11.0,10.0
2086,BP11,26,3,11.0,11.0
2087,BP11,26,4,19.0,10.0
2088,BP11,19,1,18.0,18.0
2089,BP11,19,2,19.0,19.0
2090,BP11,19,3,20.0,16.0
2091,BP11,43,0,8.0,4.0
2092,BP11,43,1,13.0,11.0
2093,BP11,43,2,18.0,14.0
2094,BP11,43,3,13.0,11.0
2095,BP11,43,4,1.0,0.0
2096,BP11,44,0,21.0,15.0
2097,BP11,44,1,20.0,14.0
2098,BP11,44,2,33.0,29.0
2099,BP11,44,3,22.0,20.0
2100,BP11,44,4,1.0,1.0
